"","STAGATE"
"AAACAAGTATCTCCCA-1",3
"AAACACCAATAACTGC-1",5
"AAACAGAGCGACTCCT-1",2
"AAACAGCTTTCAGAAG-1",3
"AAACAGGGTCTATATT-1",3
"AAACAGTGTTCCTGGG-1",4
"AAACATTTCCCGGATT-1",5
"AAACCCGAACGAAATC-1",2
"AAACCGGAAATGTTAA-1",3
"AAACCGGGTAGGTACC-1",3
"AAACCGTTCGTCCAGG-1",5
"AAACCTAAGCAGCCGG-1",5
"AAACCTCATGAAGTTG-1",3
"AAACGAGACGGTTGAT-1",2
"AAACGCCCGAGATCGG-1",5
"AAACGGGCGTACGGGT-1",5
"AAACGGTTGCGAACTG-1",4
"AAACGTGTTCGCCCTA-1",1
"AAACTAACGTGGCGAC-1",1
"AAACTCGGTTCGCAAT-1",4
"AAACTCGTGATATAAG-1",1
"AAACTGCTGGCTCCAA-1",3
"AAACTTAATTGCACGC-1",5
"AAACTTGCAAACGTAT-1",3
"AAAGAATGTGGACTAA-1",5
"AAAGACCCAAGTCGCG-1",2
"AAAGACTGGGCGCTTT-1",2
"AAAGCTTGCCTACATA-1",1
"AAAGGCCCTATAATAC-1",5
"AAAGGCTACGGACCAT-1",5
"AAAGGCTCTCGCGCCG-1",5
"AAAGGGATGTAGCAAG-1",2
"AAAGGGCAGCTTGAAT-1",2
"AAAGGTAAGCTGTACC-1",1
"AAAGTAGCATTGCTCA-1",5
"AAAGTCACTGATGTAA-1",2
"AAAGTCGACCCTCAGT-1",3
"AAAGTGCCATCAATTA-1",3
"AAAGTGTGATTTATCT-1",2
"AAAGTTGACTCCCGTA-1",2
"AAATAACCATACGGGA-1",2
"AAATAAGGTAGTGCCC-1",1
"AAATACCTATAAGCAT-1",3
"AAATAGCTTAGACTTT-1",1
"AAATAGGGTGCTATTG-1",5
"AAATCCGATACACGCC-1",5
"AAATCGTGTACCACAA-1",3
"AAATCTAGCCCTGCTA-1",3
"AAATGATTCGATCAGC-1",1
"AAATGCTCGTTACGTT-1",2
"AAATGGCATGTCTTGT-1",2
"AAATGGCCCGTGCCCT-1",3
"AAATGGTCAATGTGCC-1",3
"AAATGTATCTTATCCC-1",1
"AAATTAACGGGTAGCT-1",3
"AAATTAATAAGCGCGA-1",1
"AAATTACACGACTCTG-1",2
"AAATTACCTATCGATG-1",2
"AAATTCCAGGTCCAAA-1",1
"AAATTGATAGTCCTTT-1",5
"AAATTGGTGAGAAGCA-1",1
"AAATTTACCGAAATCC-1",1
"AAATTTGCGGGTGTGG-1",3
"AACAACTGGTAGTTGC-1",3
"AACAATACATTGTCGA-1",5
"AACAATTACTCTACGC-1",2
"AACACACGCTCGCCGC-1",3
"AACACGACTGTACTGA-1",2
"AACACGAGACGCGGCC-1",3
"AACAGCTGTGTGGCAA-1",5
"AACAGGAAATCGAATA-1",2
"AACAGGATGGGCCGCG-1",3
"AACAGGTAGTATGGAT-1",2
"AACATATCAACTGGTG-1",1
"AACATCGATACGTCTA-1",1
"AACATTGAAGTTGATC-1",5
"AACATTGTGACTCGAG-1",4
"AACCAAGACTTCTCTG-1",3
"AACCAGTATCACTCTT-1",1
"AACCATAGGGTTGAAC-1",3
"AACCATGGGATCGCTA-1",2
"AACCCAGAGACGGAGA-1",2
"AACCCATCCCATGATC-1",5
"AACCCGACAACCCGTG-1",4
"AACCCGAGCAGAATCG-1",3
"AACCCGCTGTATTCCA-1",4
"AACCCTACTGTCAATA-1",2
"AACCCTGGTGGAACCA-1",2
"AACCGAGCTTGGTCAT-1",2
"AACCGCTAAGGGATGC-1",3
"AACCGTTGTGTTTGCT-1",2
"AACCTCGCTTTAGCCC-1",5
"AACCTGTCACGGAATT-1",1
"AACCTTTAAATACGGT-1",5
"AACCTTTACGACGTCT-1",2
"AACGAAAGTCGTCCCA-1",3
"AACGACCTCCTAGCCG-1",3
"AACGATAATGCCGTAG-1",5
"AACGATAGAAGGGCCG-1",2
"AACGATATGTCAACTG-1",2
"AACGCATGATCTGGGT-1",1
"AACGCGACCTTGGGCG-1",4
"AACGCGGTCTCCAGCC-1",2
"AACGCTGTTGCTGAAA-1",3
"AACGGACGTACGTATA-1",3
"AACGGCCATCTCCGGT-1",5
"AACGTACTGTGGGTAC-1",5
"AACGTCAGACTAGTGG-1",2
"AACGTGATGAAGGACA-1",2
"AACGTGCGAAAGTCTC-1",2
"AACGTTATCAGCACCT-1",2
"AACTACCCGTTTGTCA-1",2
"AACTAGGCTTGGGTGT-1",5
"AACTCAAGTTAATTGC-1",3
"AACTCCAGAGCGTGTT-1",5
"AACTCCTAATCCCATG-1",2
"AACTCGATGGCGCAGT-1",2
"AACTCTCAATAGAGCG-1",2
"AACTCTCAGTGTGCTC-1",5
"AACTGAGGTCAGCGTC-1",1
"AACTGATATTAGGCCT-1",2
"AACTGGGTCCCGACGT-1",2
"AACTGGTGTGGGCCTT-1",2
"AACTTCTGCGTCTATC-1",2
"AACTTGCCCGTATGCA-1",3
"AACTTGCGTTCTCGCG-1",2
"AACTTTACGGGAGCTT-1",2
"AACTTTCTCGATCATG-1",1
"AAGAAATCACCAGATT-1",1
"AAGAAGGATCAGTTAG-1",2
"AAGACATACGTGGTTT-1",5
"AAGACCAAATAACTCA-1",3
"AAGACCCAACTGAACA-1",5
"AAGACTGCAAGCTACT-1",2
"AAGAGATGAATCGGTA-1",2
"AAGAGCTCTTTATCGG-1",2
"AAGAGGATGTACGCGA-1",3
"AAGAGGCATGGATCGC-1",2
"AAGAGGCCCTTTGGAA-1",3
"AAGATGGCACCGGACC-1",5
"AAGATTGGCGGAACGT-1",2
"AAGCACCCTGCGTATC-1",5
"AAGCATACTCTCCTGA-1",5
"AAGCCACTTGCAGGTA-1",5
"AAGCCGAAGCGGTTTA-1",3
"AAGCCGCCGTGAAATC-1",5
"AAGCCGCTTTACCTTG-1",1
"AAGCCGGAGAGCAGGA-1",3
"AAGCGCAGGGCTTTGA-1",4
"AAGCGGAGTGCGCGCA-1",1
"AAGCGGCGTCATGGGT-1",1
"AAGCGTCCCTCATCGA-1",5
"AAGCTAGATCGAGTAA-1",5
"AAGCTCGTGCCAAGTC-1",2
"AAGCTCTTTCATGGTG-1",5
"AAGGAGCGGTTGGTGC-1",2
"AAGGATCGATCGCTTG-1",1
"AAGGATGAGGGACCTC-1",2
"AAGGCAGGCTGTCTCC-1",2
"AAGGCGCGTAAAGCTT-1",2
"AAGGCTGTGCTCATCG-1",3
"AAGGGAACGACTGGCT-1",5
"AAGGGACAGATTCTGT-1",2
"AAGGGACTATGCATTC-1",5
"AAGGTATCCTAATATA-1",2
"AAGGTGATAAACCAGC-1",3
"AAGTAGAAGACCGGGT-1",2
"AAGTAGTGACGCGAGG-1",3
"AAGTCAATTGTCGTCA-1",2
"AAGTCTAGTAGCTGCC-1",1
"AAGTCTTCTGTGGCCT-1",2
"AAGTGACGACCGAATT-1",3
"AAGTGAGTCGGGTTTA-1",4
"AAGTGCAAAGGTAGAC-1",2
"AAGTGCCTTGACTGTA-1",2
"AAGTGCGTTAGAATCT-1",5
"AAGTGCTTCTCTATTG-1",4
"AAGTGTTTGGAGACGG-1",5
"AAGTTCACTCCAAGCT-1",5
"AAGTTCAGTCTGCGTA-1",1
"AAGTTCGGCCAACAGG-1",3
"AAGTTGTGATGTTATA-1",5
"AAGTTTATGGGCCCAA-1",4
"AATAACAACGCTCGGC-1",3
"AATAACACTAGAACAA-1",5
"AATAATCTTCGTATCG-1",2
"AATACAATGTTTCAGG-1",2
"AATACCGGAGGGCTGT-1",4
"AATAGAACAGAGTGGC-1",5
"AATAGAATCTGTTTCA-1",3
"AATAGCAAGCCTCCTG-1",1
"AATAGCTACCGCGTGC-1",1
"AATAGTCCGTCCCGAC-1",5
"AATAGTCGCGAGTCGG-1",2
"AATATCAAGGTCGGAT-1",2
"AATATCGAATCAATGC-1",2
"AATATCGAGGGTTCTC-1",1
"AATATTGGAGTATTGA-1",3
"AATCAGGTTTCATTTA-1",4
"AATCATGTAAAGACTC-1",3
"AATCCAAGGGCCTGAG-1",2
"AATCGCCTCAGCGCCA-1",2
"AATCGCGCAGAGGACT-1",1
"AATCGGGACACTACGA-1",2
"AATCGGTATAGCCCTC-1",5
"AATCGTGAGCCGAGCA-1",4
"AATCTAGGTTTACTTG-1",3
"AATCTATGCCGGAGCC-1",1
"AATCTCTACTGTGGTT-1",3
"AATCTGCGTTGGGACG-1",2
"AATCTGGCTTTCTAGT-1",3
"AATGACAGCAATGTCT-1",3
"AATGACGTAGGATGTC-1",3
"AATGACTGTCAGCCGG-1",2
"AATGAGTTCGCATATG-1",2
"AATGATGATACGCTAT-1",2
"AATGATGCGACTCCTG-1",1
"AATGCAACCGGGTACC-1",2
"AATGCACCAAGCAATG-1",2
"AATGGTCCACCGTTCA-1",2
"AATGGTTCTCACAAGC-1",2
"AATGTATGGCACTGTA-1",3
"AATGTGCCCGAGGTGT-1",5
"AATGTGCTAATCTGAG-1",5
"AATGTTGTCGTGAGAC-1",5
"AATTAAAGGTCGGCGT-1",3
"AATTAACGGATTTCCA-1",5
"AATTAGCGCTGCAGCG-1",5
"AATTCATAAGGGATCT-1",2
"AATTCATTGTCATGCA-1",3
"AATTCCAAGCATGTAC-1",4
"AATTCGATTCGAGGAT-1",4
"AATTCTAGAGTTAGGC-1",5
"AATTGAACGCTCTGGT-1",3
"AATTGCAGCAATCGAC-1",5
"AATTGCGTGGATTACA-1",3
"AATTGTGGTTGCCAAA-1",5
"AATTTGGGACATAGTA-1",2
"AATTTGGTTCCAAAGA-1",2
"ACAAACCATGCGTCCT-1",5
"ACAAAGCATGACCTAG-1",5
"ACAAATCGCACCGAAT-1",3
"ACAAATGGTAGTGTTT-1",3
"ACAAATTCAGATCTGA-1",1
"ACAACAGCATGAGCTA-1",2
"ACAACGGTCCCTGCGA-1",2
"ACAAGCAGTGCCTAGC-1",2
"ACAAGCTATATGGAAG-1",1
"ACAAGGAAATCCGCCC-1",3
"ACAAGGACAAGAGGTT-1",2
"ACAAGGATGCTTTAGG-1",5
"ACAAGGCCTACCAGCC-1",5
"ACAAGGGCAGGCTCTG-1",3
"ACAATAGTCGTACGTT-1",3
"ACAATCCATTTAAACC-1",3
"ACAATGAATACGGAGA-1",5
"ACAATGATTCTTCTAC-1",1
"ACAATTGTGTCTCTTT-1",3
"ACAATTTAGGAGGCTC-1",2
"ACAATTTGAGCAGTGG-1",2
"ACAATTTGGCCATATT-1",2
"ACACAAAGACGGGTGG-1",2
"ACACAAATATTCCTAG-1",1
"ACACACCAGGACCAGT-1",3
"ACACACTTTCTACACG-1",2
"ACACATGATCAAATCT-1",5
"ACACATTTCCGTAGAC-1",4
"ACACCACATAATTAGC-1",1
"ACACCCAGCATGCAGC-1",2
"ACACCCGAGAAATCCG-1",2
"ACACCGAGCGCTCTTT-1",1
"ACACCGGTCTGACCGC-1",5
"ACACCTTAAGTAGGGC-1",2
"ACACCTTACTACTTGC-1",1
"ACACGAGACTCCTTCT-1",2
"ACACGGCACTATGCAT-1",2
"ACACGGGAACTTAGGG-1",2
"ACACGTAGGCCACAAG-1",3
"ACACTCCAATGTCACT-1",2
"ACACTGATCAAGGTGT-1",5
"ACACTGGGACAGTCGT-1",3
"ACAGAACTGAGAACAA-1",5
"ACAGATTAGGTTAGTG-1",2
"ACAGCATAGAGCCAGT-1",2
"ACAGCGACATTCTCAT-1",5
"ACAGCGCACCCGCAGC-1",2
"ACAGGCACGGATCCTT-1",5
"ACAGGCTTGCCCGACT-1",3
"ACAGGTGGAGGTGAGG-1",5
"ACAGGTGTGTTGTTGC-1",1
"ACAGTAATACAACTTG-1",3
"ACAGTATACCGTGGGA-1",1
"ACATAAGTCGTGGTGA-1",5
"ACATAATAAGGCGGTG-1",2
"ACATCAGCTGGGACGC-1",2
"ACATCCCGGCCATACG-1",5
"ACATCCTGGTAACTGT-1",2
"ACATCGATCGTTTACC-1",3
"ACATCGGTCAGCCGCG-1",3
"ACATCGTATGCAATGG-1",3
"ACATCGTTAACCTAGT-1",2
"ACATGCTTACGGCAGC-1",5
"ACATGGCGCCAAAGTA-1",2
"ACATTAGTTTATATCC-1",5
"ACATTCGCGCGGAATA-1",5
"ACCAAACACCCAGCGA-1",1
"ACCAACACCACACACT-1",1
"ACCAACCGCACTCCAC-1",5
"ACCAACGCTTATTTAT-1",5
"ACCAAGAACGCGTGTC-1",2
"ACCAAGTCATCGGCAG-1",5
"ACCAATATGCAAGTTA-1",5
"ACCACAACTCAGAACA-1",1
"ACCACAAGTTTCTATC-1",2
"ACCACACGGTTGATGG-1",4
"ACCACCAATGTAACAA-1",2
"ACCACCCTCTCTTCTA-1",1
"ACCACGTGCAGCTATA-1",3
"ACCAGACCATAACAAC-1",2
"ACCAGTGCCCGGTCAA-1",1
"ACCAGTGCGGGAGACG-1",3
"ACCATATCCGCAATAA-1",3
"ACCATCCGCCAACTAG-1",3
"ACCATCGTATATGGTA-1",3
"ACCCAACGCCCGTGGC-1",2
"ACCCACCTACATGCTC-1",2
"ACCCATCTTGAGGGTA-1",3
"ACCCATTTGTCCCTCT-1",5
"ACCCGAGCGAAATTAC-1",5
"ACCCGATTGGTTCCGA-1",4
"ACCCGGAAACTCCCAG-1",5
"ACCCGGAGCACCACAA-1",3
"ACCCGGATGACGCATC-1",2
"ACCCGGTTACACTTCC-1",3
"ACCCGTAGTCTAGTTG-1",5
"ACCCGTGTCATCAGTA-1",5
"ACCCTATAGGACTGAG-1",1
"ACCCTATGCCATATCG-1",5
"ACCCTCCCGTCAGGGC-1",5
"ACCCTCCCTTGCTATT-1",3
"ACCCTGGTAACGCCCT-1",1
"ACCCTTCATCTGCGAA-1",2
"ACCCTTGCCTGGGTCG-1",1
"ACCCTTTAGTTCTCCA-1",1
"ACCGAAAGGGCCCTGC-1",2
"ACCGAAGAGTCTGGTT-1",3
"ACCGACACATCTCCCA-1",5
"ACCGACTGAGTCCCAC-1",2
"ACCGAGTCTCCTTATT-1",4
"ACCGATAGGCATAACC-1",3
"ACCGATATTTAATCAT-1",3
"ACCGATGGTAGCATCG-1",2
"ACCGCAATAACTGCCT-1",5
"ACCGCGGTGGAAGTCG-1",2
"ACCGCTAGTCATTGGT-1",4
"ACCGGGCCTTTGTTGA-1",2
"ACCGGTCAGGTACACC-1",5
"ACCGTGACCACGTGGG-1",5
"ACCTAAGTACCTTTCA-1",5
"ACCTAATCGACTTCCT-1",3
"ACCTACAGTATGTGGT-1",1
"ACCTACTATAAATCTA-1",4
"ACCTCCGCCCTCGCTG-1",3
"ACCTCCGTTATTCACC-1",1
"ACCTCGAACTTATGCT-1",5
"ACCTGCGTGTCATGTT-1",3
"ACGAAATGGGCGGCAC-1",3
"ACGACCCATGAGTTGC-1",3
"ACGACTCTAGGGCCGA-1",5
"ACGACTGGTCATACTC-1",5
"ACGAGAACCCATCACG-1",2
"ACGAGATATTTGCTTA-1",2
"ACGAGGATACCACTCT-1",3
"ACGAGGTTTACAACGT-1",5
"ACGAGTACGGATGCCC-1",1
"ACGATACATAGAACTA-1",2
"ACGATACCTATCCTGA-1",1
"ACGATCATACATAGAG-1",2
"ACGATCATCTTGTAAA-1",1
"ACGATGCATATGTTAT-1",3
"ACGATGGATCCGATGC-1",2
"ACGCAAACTAATAGAT-1",4
"ACGCAATCACTACAGC-1",1
"ACGCATAAATGACATG-1",1
"ACGCATACGTTTACTA-1",3
"ACGCATTCGTGAGTAC-1",2
"ACGCCACTCGAAACAG-1",4
"ACGCCAGATGATTTCT-1",2
"ACGCCAGTGCGTTTGC-1",5
"ACGCCGCTAGACGACC-1",3
"ACGCGAAGTCAGACGA-1",5
"ACGCGCTACACAGGGT-1",3
"ACGCGGGCCAAGGACA-1",2
"ACGCGTTTCTTAAGAG-1",2
"ACGCTAGTGATACACT-1",1
"ACGCTGTGAGGCGTAG-1",3
"ACGGAATTTAGCAAAT-1",2
"ACGGACGCAGCGACAA-1",5
"ACGGACTCTCAAAGCG-1",5
"ACGGAGCGCAAATTAC-1",1
"ACGGATGGTGCGGATA-1",5
"ACGGCACTTGCTTGGG-1",5
"ACGGCCAACATGGACT-1",5
"ACGGCGACGATGGGAA-1",3
"ACGGCTGGATGTAGAA-1",5
"ACGGGAGTGTCGGCCC-1",3
"ACGGGCGTATGCGACA-1",1
"ACGGGTCATGTGACTT-1",1
"ACGGTACAGTTCAATG-1",5
"ACGGTCACCGAGAACA-1",5
"ACGTACAGATTTCTCT-1",2
"ACGTACTTTGGCACGG-1",4
"ACGTAGATTGCTGATG-1",2
"ACGTAGGAGAGTCGCT-1",4
"ACGTATTACTCCGATC-1",2
"ACGTCTCGTTCCGGGA-1",3
"ACGTGCGCCTCGTGCA-1",2
"ACGTTAATGTCGAAGA-1",3
"ACGTTAGATTTGCCCG-1",3
"ACGTTCACTATGCCGC-1",4
"ACGTTCCGCGCTCCGT-1",2
"ACGTTCGCAATCAATT-1",1
"ACGTTCGTTCAGGAAA-1",5
"ACGTTCTGTACAAGTC-1",5
"ACGTTGTCGTTGAAAG-1",4
"ACGTTTAGTTGTGATC-1",2
"ACTAAGGACGCACACC-1",1
"ACTAATACGTCAGGCG-1",1
"ACTACAAAGAGAGGTG-1",4
"ACTACATCCCGACAAG-1",5
"ACTACCAGCTCTCTGG-1",2
"ACTACCATCCGAGGGC-1",5
"ACTACGCGTTAGAATT-1",5
"ACTAGTTGCGATCGTC-1",3
"ACTATATGCTGTGTTC-1",1
"ACTATCCAGGGCATGG-1",2
"ACTATCTGCCCGCGTA-1",3
"ACTATGTCCAGCTGCC-1",5
"ACTATTCGTCCGTGGT-1",2
"ACTATTTCCGGGCCCA-1",5
"ACTCAAGTGCAAGGCT-1",5
"ACTCAATAAAGGCACG-1",2
"ACTCAGACCTGCTTCT-1",2
"ACTCATGGCAGCCTTC-1",5
"ACTCCAATATCATCAT-1",5
"ACTCCCATTCCTAAAG-1",3
"ACTCCCGAATTCGTTT-1",1
"ACTCCCGTAGACTAGG-1",1
"ACTCCCTAATGCTAAA-1",5
"ACTCCCTAGAATAGTA-1",3
"ACTCCGGCCGACCACT-1",5
"ACTCGCCGTTCGATAA-1",5
"ACTCGTAACCCGTCCT-1",3
"ACTCGTCAGTAATCCC-1",2
"ACTCTAAACCTGGGAT-1",1
"ACTCTCTGACTTAGGT-1",3
"ACTCTCTTATACACGA-1",2
"ACTCTGACCTAATAGA-1",5
"ACTCTTGTATAGTAAC-1",2
"ACTGAAACGCCGTTAG-1",5
"ACTGAATGGCGAAAGT-1",3
"ACTGCCCGCCATTCTC-1",5
"ACTGCCGTCGTAACTC-1",2
"ACTGCGGACACACCGT-1",1
"ACTGCTCGGAAGGATG-1",3
"ACTGGCGAACCTGCGT-1",1
"ACTGGGATGCCAGTGC-1",4
"ACTGTACGATACACAT-1",2
"ACTGTAGCACTTTGGA-1",2
"ACTGTATACGCGAGCA-1",2
"ACTGTCCAGGATTATA-1",3
"ACTGTCTTCTTTAGAA-1",2
"ACTGTGCTAGTAGATC-1",2
"ACTTACCGGGCGCGCA-1",2
"ACTTACGCATCCACGC-1",5
"ACTTAGTACGACAAGA-1",2
"ACTTATACTTACCCGG-1",2
"ACTTATTAGGATCGGT-1",3
"ACTTATTTATGTGCCA-1",3
"ACTTCAGGCTGATCCC-1",3
"ACTTCCATGCGGGACA-1",5
"ACTTCGCCATACGCAC-1",2
"ACTTGACTCCCTCTTT-1",3
"ACTTGGGACCCGGTGG-1",3
"ACTTGTAGTCCCTTCA-1",3
"ACTTGTGGATGGAACG-1",3
"ACTTGTTACCGGATCA-1",4
"ACTTTACCCTCATGAA-1",1
"ACTTTCCTATAGCTTC-1",2
"ACTTTGACTGCATCCT-1",3
"ACTTTGGTCGTGCTCC-1",5
"ACTTTGTCGACGCACT-1",3
"AGAAATTATGACTCGC-1",3
"AGAACCCAGCGTGACA-1",2
"AGAACCCTCAATTGGG-1",3
"AGAACGTGGTACATTC-1",2
"AGAAGAGCGCCGTTCC-1",2
"AGAAGGTACACTTCAC-1",3
"AGAAGGTTGCCGAATT-1",3
"AGAAGGTTGTAGGTCG-1",5
"AGAAGTGATTCGTGAT-1",5
"AGAATAAATCTTCAGG-1",3
"AGAATGCGGGTTCGGA-1",1
"AGAATTATGGATTCGA-1",1
"AGAATTGTTTGACATA-1",2
"AGACAGCTCAGAATCC-1",2
"AGACAGGCATCTCAGC-1",3
"AGACATAGATCCTTCC-1",2
"AGACCAAACCACACCT-1",3
"AGACCATGGGATACAA-1",2
"AGACCCACCGCTGATC-1",5
"AGACCCGCCCTCCTCG-1",2
"AGACCGCTCCGCGGTT-1",3
"AGACCGGGAAACCCTG-1",3
"AGACGAAGTGCCGGTC-1",3
"AGACGACGATGCCGCT-1",5
"AGACGCCCACTTCGCC-1",3
"AGACGGGCCGATTTAA-1",1
"AGACTAGCCTTCCAGA-1",2
"AGACTGTTACCGGGTC-1",4
"AGAGAAACACCAGAAA-1",4
"AGAGAACCGTCTAGGA-1",2
"AGAGAAGGAGTACAAT-1",5
"AGAGATCTCTAAAGCG-1",3
"AGAGCAGTTATGAGAC-1",2
"AGAGCCGCCGAGATTT-1",3
"AGAGCGCTTGTAACGG-1",1
"AGAGCGGGCTAATCAT-1",2
"AGAGCGTACAAGCTCG-1",2
"AGAGGCTTCGGAAACC-1",3
"AGAGGGACAATTGTCC-1",1
"AGAGTAAACTTCACTA-1",3
"AGAGTATAGTGTTACG-1",1
"AGAGTTAGAGACCGAT-1",1
"AGAGTTGCAGGCCTCC-1",1
"AGATAACTTCAGGGCC-1",3
"AGATACCAATAGAACC-1",5
"AGATACCAGCACTTCA-1",1
"AGATACCGGTGTTCAC-1",3
"AGATACGACTTCATAT-1",2
"AGATACTCAAGATCGA-1",3
"AGATATAATACGACTA-1",4
"AGATCGTGCATAAGAT-1",2
"AGATCTCAGGTGTGAT-1",2
"AGATGACTCGCCCACG-1",2
"AGATGAGGGTTGCGAT-1",2
"AGATGATGGAGTCTGG-1",1
"AGATGCAAGACGTGCA-1",5
"AGATTATAGGACGTTT-1",3
"AGATTCACAACCGATA-1",3
"AGCAAAGGCCGCTAGT-1",5
"AGCAACATATCTTATT-1",2
"AGCAACCGAAAGTAAT-1",5
"AGCACACGTTTAGACT-1",5
"AGCACCAGTACTCACG-1",2
"AGCACTACCGGCCTGT-1",3
"AGCACTACCTCACCAG-1",5
"AGCACTTAAGGACGCC-1",3
"AGCAGAAGGAGAAAGA-1",4
"AGCAGCCAGATGAATA-1",5
"AGCAGTCGAAGCATGC-1",4
"AGCATATCAATATGCT-1",3
"AGCATCATTTCGAAAG-1",3
"AGCATCGTCGATAATT-1",2
"AGCATTACGAGGCAAG-1",5
"AGCCAAGCTTTGTGTC-1",4
"AGCCACAGGTTACCCG-1",5
"AGCCACTCCCGTGCTT-1",2
"AGCCATATAGTATGTG-1",4
"AGCCCATACATGTAAG-1",3
"AGCCCGCAACAAGCAG-1",4
"AGCCCGGCATTAGAGG-1",5
"AGCCCGGTAGCCTGTA-1",5
"AGCCCTAAGCGAAGTT-1",2
"AGCCCTCCCTGGTGGC-1",5
"AGCCCTGTCGCACCGT-1",2
"AGCCCTTCTAATCCGA-1",1
"AGCCCTTGGACATCCC-1",3
"AGCCGCAAATTCAAAT-1",1
"AGCCGTGGCTAAATGT-1",3
"AGCCTAATACCCACGT-1",3
"AGCCTTAAAGCGGAAG-1",2
"AGCGACAGGAACGGTC-1",5
"AGCGACATCCCATTCA-1",2
"AGCGACCAACGATATT-1",2
"AGCGAGACGTGAAGGC-1",5
"AGCGATGCGCCTAATA-1",5
"AGCGCATAATGAATCG-1",5
"AGCGCGGGTGCCAATG-1",2
"AGCGCTAGAGCGATGT-1",1
"AGCGCTTATGGGCAAG-1",1
"AGCGGACACTTCGTAG-1",4
"AGCGGCGGTTAGCGGT-1",3
"AGCGGGAAGGGTCCAT-1",2
"AGCGGGTCTGACACTC-1",4
"AGCGGTTGCCGCTCTG-1",1
"AGCGTGGTATTCTACT-1",3
"AGCTAACAAGCAATGT-1",5
"AGCTAAGTACGCAGGC-1",5
"AGCTAGAAGCAGAAGT-1",2
"AGCTATTTAATCCAAC-1",2
"AGCTCCATATATGTTC-1",3
"AGCTCCTTCGCACATC-1",3
"AGCTCGTTGATGGAAA-1",1
"AGCTCTAGACGTTCCA-1",2
"AGCTCTTCCCAGTGCA-1",2
"AGCTCTTCGTAACCTT-1",1
"AGCTCTTTACTCAGTT-1",3
"AGCTGAAGTAAACCAA-1",2
"AGCTGTAACCTCAATC-1",5
"AGCTTCTTCTCGAGCA-1",5
"AGCTTGATCAGGGTAG-1",3
"AGCTTGATCTTAACTT-1",3
"AGGAACGAACGACTTC-1",3
"AGGAAGCTGTCCGCCG-1",5
"AGGACAGTCGAATCCC-1",3
"AGGACATCGCACGTCG-1",2
"AGGACATCGGCACACT-1",3
"AGGACGACCCATTAGA-1",3
"AGGACGCTCGATGTTG-1",1
"AGGAGACATCCACAGT-1",1
"AGGAGAGTCTGGCTAC-1",1
"AGGAGGCCTTCGCGCG-1",3
"AGGATAAAGTCGGGAT-1",5
"AGGATATAGGGATTTA-1",3
"AGGATATCCGACTGCA-1",5
"AGGATCACGCGATCTG-1",3
"AGGATTGCTTACGACA-1",1
"AGGCACGTGACTGTCC-1",3
"AGGCAGATGCGTAAAC-1",2
"AGGCAGGGAGCGTACT-1",5
"AGGCATTGTCGTAGGG-1",3
"AGGCCACCCGTTATGA-1",2
"AGGCCCATTGTACAGG-1",2
"AGGCCCTAGAACGCCA-1",3
"AGGCCTATCATACCAA-1",4
"AGGCCTGAGAATCTCG-1",5
"AGGCGATAACTGGCGT-1",3
"AGGCGGTTTGTCCCGC-1",5
"AGGCGTCTATGGACGG-1",1
"AGGCTATGGTTAGCTT-1",2
"AGGCTTCCCGAAGAAG-1",5
"AGGCTTGCTAGACACC-1",2
"AGGGAAACGAGGTACT-1",2
"AGGGACCGGCTGCGTT-1",1
"AGGGACTCTACGCGAC-1",5
"AGGGAGACATACTTCG-1",1
"AGGGCAGCGGCGTGGT-1",2
"AGGGCCCTAATGTTCT-1",3
"AGGGCGAGCAGCTGAT-1",3
"AGGGCGTGATCGGCTA-1",2
"AGGGCTGCAGTTACAG-1",3
"AGGGTCAGAGCACTCG-1",4
"AGGGTCAGTAACCCTA-1",1
"AGGGTCGATGCGAACT-1",2
"AGGGTCTGGACGCAGT-1",3
"AGGGTGCCGTTCTTTA-1",5
"AGGGTGCTCTCGAGGG-1",2
"AGGGTGGATAGTGCAT-1",2
"AGGGTTCAGACGGTCC-1",4
"AGGGTTCCCTTTGGTT-1",2
"AGGGTTTAGTTCGGGA-1",2
"AGGTAACCTCCTATTC-1",2
"AGGTACGATATTGCCA-1",2
"AGGTAGATCGAGATAT-1",5
"AGGTAGGTACAAAGCT-1",3
"AGGTATAATTGATAGT-1",1
"AGGTATGCGGACATTA-1",1
"AGGTCAGGTGAGAGTG-1",3
"AGGTCGCCTCCCAACA-1",3
"AGGTCGCGGAGTTACT-1",1
"AGGTGCACGTCCACAT-1",5
"AGGTGGTGACCTTCGC-1",4
"AGGTGTATCGCCATGA-1",3
"AGGTGTTGCCGACCAC-1",3
"AGGTTACACCATGCCG-1",1
"AGGTTGAGGCACGCTT-1",2
"AGGTTTCACACACCTT-1",3
"AGTAACGTTCATCCTG-1",1
"AGTAACTATAGCAGCC-1",5
"AGTAATCTAAGGGTGG-1",4
"AGTAATGTCTTGCCGC-1",2
"AGTAATTTGCAAGCGT-1",3
"AGTACAGAAGCTTATA-1",4
"AGTACATCATTTATCA-1",1
"AGTACCTTCGAGTGCT-1",1
"AGTACGGCCCGTATCG-1",2
"AGTACGGGCACCTGGC-1",2
"AGTACGTGGCCTGTCT-1",1
"AGTACTCTTATGCCCA-1",5
"AGTAGAAGGCGCCTCA-1",4
"AGTAGGAAGGAAGTTG-1",1
"AGTAGGTAACATACAT-1",2
"AGTATAATACTAGGCA-1",2
"AGTATACACAGCGACA-1",4
"AGTATGCTGGAGACCA-1",5
"AGTATTTGGCACGACC-1",5
"AGTCAAATGATGTGAT-1",4
"AGTCAACACCACCATC-1",3
"AGTCAAGATGACACTT-1",3
"AGTCACTAGCTCTCGA-1",3
"AGTCAGCCACCGCCTG-1",2
"AGTCCATTGGCTGATG-1",2
"AGTCCCGCCTTTAATT-1",2
"AGTCCCTCGCAGAAAG-1",1
"AGTCGACGGTCTCAAG-1",2
"AGTCGGCCCAAACGAC-1",2
"AGTCGGCTCAACTTTA-1",3
"AGTCGGTTGCGTGAGA-1",1
"AGTCGTATAAAGCAGA-1",5
"AGTCGTCGACCACCAA-1",5
"AGTCGTGGGCATTACG-1",5
"AGTCTAAAGTATACTC-1",1
"AGTCTCACAAGACTAC-1",5
"AGTCTGGACATCCTTG-1",2
"AGTCTTCTCCTCAAAT-1",2
"AGTCTTTAAAGTGTCC-1",4
"AGTGAACAAACTTCTC-1",2
"AGTGAAGATGGTGTCC-1",1
"AGTGACCTACTTTACG-1",3
"AGTGACTGTGACACAA-1",5
"AGTGAGACTTCCAGTA-1",2
"AGTGAGCCTCGCCGCC-1",1
"AGTGAGGGTTTCTGAC-1",2
"AGTGAGTCGAATTAAC-1",5
"AGTGATAACCTGCGCG-1",5
"AGTGATATGAGTAGTT-1",5
"AGTGATTCAAGCAGGA-1",2
"AGTGCACGCTTAAGAA-1",3
"AGTGCGTAGCTCGTAA-1",5
"AGTGCTAAACACAGCA-1",5
"AGTGCTTGCACGAATA-1",2
"AGTGGCGGCAATTTGA-1",2
"AGTGGCGTCTGAAGGT-1",5
"AGTGGCTCCGTCGGCC-1",3
"AGTGGTGTTACCCGTG-1",3
"AGTGGTTGCGTATAGG-1",2
"AGTGTATTGCGCATTG-1",2
"AGTGTGCTAAGATCGC-1",1
"AGTGTGGTCTATTGTG-1",2
"AGTTAAACACTTGCGA-1",3
"AGTTAAGCGGTCCCGG-1",2
"AGTTAAGTCAACCGCT-1",5
"AGTTACCCTTAAGACT-1",2
"AGTTACCGCACATGGT-1",2
"AGTTACTCTATCGTGG-1",2
"AGTTCCTACAGAATTA-1",3
"AGTTCCTATTTATGTT-1",3
"AGTTCTGCGTTGTATC-1",2
"AGTTGACATCGGCTGG-1",2
"AGTTGACGGTCCTTGC-1",4
"AGTTGCGGTCCTCAAC-1",3
"AGTTGCTGACTGATAT-1",2
"AGTTGGCAAGGCTAGA-1",5
"AGTTTATGTAAAGACA-1",1
"AGTTTCGCAGGTCGGA-1",2
"AGTTTGCACCTGCCTC-1",5
"AGTTTGGCACGGGTTG-1",3
"AGTTTGGCCAGACCTA-1",3
"ATAAACGGACCCGTAA-1",3
"ATAAACGTTGCACCAC-1",3
"ATAAAGGCTCGGTCGT-1",3
"ATAAAGGTCAAGTACG-1",1
"ATAAATATTAGCAGCT-1",3
"ATAACGCCGGAGGGTC-1",2
"ATAACGGAGTCCAACG-1",2
"ATAACGTTACCTCCAC-1",1
"ATAAGCAAACACCGAG-1",1
"ATAAGGTGGAGAACAT-1",5
"ATAAGTACCCGATTGT-1",1
"ATAAGTAGGATTCAGA-1",1
"ATAAGTAGGGCGACTC-1",1
"ATAAGTTACCGCGACG-1",5
"ATAATACCGTTAGCCG-1",2
"ATAATAGCTGTTGAAT-1",3
"ATAATAGTGTAGGGAC-1",2
"ATAATCTTGGAGAACC-1",5
"ATAATTAGCTAAGTAG-1",4
"ATACAGGCCCTCCAAT-1",5
"ATACCACGGGCAACTT-1",3
"ATACCAGGCTAATAGA-1",2
"ATACCGTCATCCATAA-1",1
"ATACCTAACCAAGAAA-1",5
"ATACGAAGGCTTTCCA-1",1
"ATACGAGGTTTGTAAG-1",4
"ATACGCCGGCGAAACC-1",2
"ATACGGAACGTCGTTT-1",5
"ATACGGGTTTCGATTG-1",2
"ATACGGTGAAGATGCA-1",2
"ATACGTACTTAGCCAC-1",5
"ATACGTCCACTCCTGT-1",3
"ATACGTTATGCACGGA-1",4
"ATACTACCCGTACCAC-1",3
"ATACTAGCATGACCCT-1",2
"ATACTCTCGCCACTCT-1",2
"ATACTGCCTTACACCG-1",5
"ATACTTGTTCTCGAGC-1",2
"ATAGACAACGGGACCT-1",2
"ATAGACGAAGAGAAAG-1",3
"ATAGAGTACTGGGACA-1",2
"ATAGAGTTATCAACTT-1",2
"ATAGCAACTAGGGAAG-1",5
"ATAGCTGCTCTTGTTA-1",1
"ATAGGAATCTAAGCTT-1",1
"ATAGGCGGCTATAGAA-1",3
"ATAGGCTAGCTTCGCA-1",1
"ATAGGGATATCCTTGA-1",2
"ATAGGTTGGGCAGATG-1",2
"ATAGTCTTTGACGTGC-1",2
"ATAGTGAAGCGTTCTC-1",3
"ATAGTTCCACCCACTC-1",2
"ATATAAAGCGCTCGTG-1",5
"ATATAAATGTAGCTGC-1",5
"ATATAACACGGGCGCA-1",5
"ATATACGCTCGTGACG-1",5
"ATATAGAGTATTGGTC-1",5
"ATATCAACCTACAGAG-1",1
"ATATCGGTAGGGAGAT-1",1
"ATATCGTTCCTCGAAC-1",5
"ATATCTCCCTCGTTAA-1",2
"ATATCTTAGGGCCTTC-1",3
"ATATGGGATAGCAACT-1",4
"ATATGTCTAGAGCGTG-1",4
"ATATGTCTCCCTAGCC-1",2
"ATATGTGCACAAACCA-1",1
"ATATTCAGTTAAACCT-1",3
"ATATTCCACATAGTGA-1",5
"ATATTCCCACAGGTCA-1",2
"ATATTGCTGTCAAAGT-1",2
"ATATTGGAGAGGCCTT-1",3
"ATATTTAACCCTCAAG-1",2
"ATCAAACACTGTTCCA-1",2
"ATCAAACGAAGGTTTG-1",5
"ATCAAGATCCCAGGAC-1",4
"ATCAATCTGGGCTGCA-1",2
"ATCAATGCCGTGGCTG-1",5
"ATCACATTAGAATATC-1",2
"ATCACGTGCTAATTAA-1",3
"ATCACTTCATCCTCGC-1",2
"ATCAGACGGCACGCCG-1",3
"ATCAGCCTCATGCTGC-1",5
"ATCAGCTCGTCCACTA-1",3
"ATCAGGTCGCCATTGC-1",1
"ATCAGTAGGCAGGGAT-1",2
"ATCATAGATCGACGAG-1",4
"ATCATAGCCCTATGTA-1",5
"ATCATCCAATATTTGT-1",3
"ATCCAACGCAGTCATA-1",2
"ATCCAATGGAGGGTCC-1",3
"ATCCAATGGTACCGAA-1",2
"ATCCACATCGACAGAA-1",5
"ATCCACGCTAAATGTT-1",1
"ATCCACTTTCAGACTA-1",1
"ATCCAGAGCAACAACC-1",5
"ATCCAGGATTCGTGAA-1",3
"ATCCCATCCACAGCGC-1",5
"ATCCCATTTCCGTGGG-1",4
"ATCCTACCTAAGCTCT-1",3
"ATCCTGAATCGCTGCG-1",3
"ATCCTGCGTGGAATGG-1",5
"ATCGACCCAATACAGA-1",3
"ATCGACTCTTTCCGTT-1",2
"ATCGCACGCCGGGAGA-1",2
"ATCGCCAGTCAACATT-1",2
"ATCGCTGCGTGCAGCA-1",1
"ATCGGAGACAGACGGC-1",5
"ATCGGCAAGCAGTCCA-1",2
"ATCGGTTACCTAGTAA-1",2
"ATCGTATTCCGAGAAC-1",1
"ATCGTGGAAAGTCTGG-1",5
"ATCGTTAGCTAGCGGA-1",5
"ATCGTTCACTTTCGCC-1",2
"ATCTAATATCCTACGG-1",5
"ATCTACCATCTGCTCC-1",4
"ATCTAGCTTGTGAGGG-1",4
"ATCTCCCACGGAATAT-1",5
"ATCTCCCTGCAATCTA-1",2
"ATCTCGTGAGCGAAAC-1",2
"ATCTGACATGGAAGGA-1",4
"ATCTGATAGTGTCTTA-1",1
"ATCTGCACCTCTGCGA-1",1
"ATCTGCTGTTATCGCC-1",4
"ATCTGGGCTGTTCTTG-1",5
"ATCTGGTTAAGACTGT-1",2
"ATCTGTAATTGTACCC-1",2
"ATCTTAGGGCATTAAT-1",5
"ATCTTATCGCACACCC-1",5
"ATCTTGACCTGCAACG-1",2
"ATCTTGACTTGTCCAA-1",1
"ATCTTTCGTATAACCA-1",1
"ATGAAGCCAAGGAGCC-1",2
"ATGAAGTGGACCCAGC-1",2
"ATGACGCCGGCTCTAA-1",2
"ATGACGCGTTCTATCC-1",5
"ATGACTATCAGCTGTG-1",4
"ATGACTATGCGACATT-1",3
"ATGAGGAGTGTTAATC-1",2
"ATGAGGGCAGCGGCTA-1",2
"ATGATCGGGAATAGAC-1",2
"ATGATGCAATGGTACA-1",3
"ATGCACGCGCTGTTCA-1",5
"ATGCACTACCGCATTG-1",3
"ATGCATGATCCAGGAT-1",2
"ATGCCAATCGCTCTGC-1",1
"ATGCCATTTGCGACCA-1",2
"ATGCCGGTCTTGCATA-1",2
"ATGCCGGTTGATGGGA-1",2
"ATGCGACAATTGGTCC-1",1
"ATGCGACAGTCCCATT-1",2
"ATGCGAGTCCCACCAC-1",3
"ATGCTCAGTGTTGCAT-1",2
"ATGCTCTGGCGCGGTA-1",5
"ATGCTTAGGAGTTGAT-1",3
"ATGGAAATTTAAGGAG-1",3
"ATGGAACCTTTGCACA-1",1
"ATGGACTGCTTAGTTG-1",4
"ATGGAGCAGGCCGTGA-1",3
"ATGGATCCGGCGTCCG-1",2
"ATGGATTGACCAAACG-1",2
"ATGGCAGCATTACGAT-1",5
"ATGGCAGCCGAGAAAC-1",2
"ATGGCTGGAAATGGCC-1",1
"ATGGGACCTGCTGAAC-1",5
"ATGGGCCTCGGCCTCT-1",3
"ATGGGTGTATACCTCC-1",5
"ATGGTATTGGGAACCG-1",4
"ATGGTATTTACTGATT-1",5
"ATGGTCGCGTGGTTTC-1",3
"ATGGTTACGAAACATG-1",1
"ATGTAAGGCTGCTCTT-1",1
"ATGTACATGCGGTGAG-1",5
"ATGTACGATGACGTCG-1",4
"ATGTAGCGCGCGTAGG-1",4
"ATGTCTTGTTTGACTC-1",4
"ATGTGAAAGCCTAATG-1",3
"ATGTGCATCCGACGCA-1",2
"ATGTGGACATCTTGAT-1",3
"ATGTTACGAGCAATAC-1",2
"ATGTTCGTCGACCCAC-1",2
"ATGTTGATTAGAGACT-1",5
"ATGTTGTAGTCTGTTT-1",4
"ATGTTTGTAAGATCAT-1",3
"ATTAAACATGCGGACC-1",3
"ATTAATACTACGCGGG-1",2
"ATTAATGAACCAGTCG-1",2
"ATTAATTCGGTCACTC-1",2
"ATTACAACTACCGGCC-1",2
"ATTACATGTCAGTCTT-1",3
"ATTACCACACTGCCTG-1",2
"ATTACGACTCCACAGT-1",1
"ATTACGCGCTGGCAGG-1",3
"ATTACTAGCCTCTTGC-1",2
"ATTACTTACTGGGCAT-1",2
"ATTAGATTCCTCAGCA-1",1
"ATTAGATTGATAGCGG-1",2
"ATTAGGCGATGCTTTC-1",2
"ATTATACTTTGCTCGT-1",2
"ATTATAGCTACTTTAC-1",1
"ATTATCGGAATGTACG-1",4
"ATTATCTCGACAGATC-1",2
"ATTATGAGACCCAATT-1",5
"ATTATGCCATAGGGAG-1",2
"ATTATTATGTCCGTCA-1",5
"ATTATTCAGAGTCACT-1",5
"ATTCAACCATTTAAGG-1",5
"ATTCACTGATGTTGGA-1",5
"ATTCAGGACCTATTTC-1",2
"ATTCAGTAGCAGGGTC-1",2
"ATTCATATACTGTCCA-1",3
"ATTCATCGTTGAGGCA-1",5
"ATTCCCACATAAACAA-1",2
"ATTCCTAAGACGTGGA-1",1
"ATTCCTCCGCCAGTGC-1",2
"ATTCCTTCCAGGCGGT-1",2
"ATTCGACGCCGGGCCT-1",3
"ATTCGCAGAGGACACT-1",1
"ATTCGCGCCTTGAGAG-1",5
"ATTCGTGCTATCTCTT-1",1
"ATTCTCGTCTCTTTAG-1",2
"ATTCTGAGTATGAACT-1",1
"ATTCTTCGTACTTATG-1",2
"ATTGAAGATCTTAGTG-1",3
"ATTGACCGGCGATGAC-1",1
"ATTGACGTAACTCGGT-1",2
"ATTGATAGCAACGAGA-1",1
"ATTGATCACCACATTT-1",3
"ATTGATGAGTCCTAAC-1",1
"ATTGCCTATTAGACCG-1",5
"ATTGCCTTTATGTTTG-1",5
"ATTGCGATCAGTAACT-1",3
"ATTGCTGCTCCTCCAT-1",3
"ATTGGATTACAGCGTA-1",3
"ATTGGGAATATCTTGG-1",2
"ATTGGGAGTTCTGTAA-1",1
"ATTGGTAGGATCCGCT-1",2
"ATTGGTTGTGCATTAC-1",5
"ATTGTACAACTCGGCT-1",1
"ATTGTCGCAATACCTT-1",2
"ATTGTCTGTTTCATGT-1",4
"ATTGTGACTTCGCTGC-1",1
"ATTGTTCAACGATCCG-1",3
"ATTTAACTCGTATTAC-1",2
"ATTTACAGTTTACTGG-1",2
"ATTTACTAAGTCCATT-1",1
"ATTTATACTGGTAAAG-1",4
"ATTTCATTATTTCGCG-1",2
"ATTTCCGGGTTCTGCG-1",5
"ATTTGCGCGAGTAGCT-1",5
"ATTTGTCTTGGGAGCT-1",2
"ATTTGTTCCAGGGCTC-1",2
"CAAACCAGGTCTGCAT-1",1
"CAAACCCTCCGGCGGG-1",4
"CAAACGAGTATCGCAG-1",5
"CAAACGGTCGCACTTT-1",3
"CAAACTACGATAGAGA-1",2
"CAAACTATTGAGCTTC-1",2
"CAAACTCGCGACGCCG-1",2
"CAAAGATTATTGGGCC-1",5
"CAAAGGTTAAATTCAG-1",1
"CAAATCTCTCACAAGG-1",3
"CAAATGTCCTTCCGTG-1",5
"CAAATTGGATTATGCC-1",1
"CAAATTGTCAGCAAGC-1",2
"CAACACATCTCCTGCC-1",1
"CAACCAGTGGCCTACC-1",3
"CAACCTACCGAGCAGT-1",5
"CAACCTGAACCTGCCA-1",1
"CAACGACCCGTTTACA-1",2
"CAACGCGATGAGCCAA-1",4
"CAACGGTTCTTGATAC-1",2
"CAACGTGGTGGAGTCT-1",3
"CAACTATATCGAATGC-1",2
"CAACTCCGTAACTTGC-1",1
"CAACTCCTTGATCCCG-1",2
"CAACTGAGGGTATGAC-1",1
"CAACTGCTCATCCGAT-1",5
"CAACTTGTAGTGGGCA-1",2
"CAAGAAACCCTAAACT-1",1
"CAAGAGGGCGGAGTAC-1",3
"CAAGATATTATAACGT-1",3
"CAAGCAACGTCGGAGT-1",3
"CAAGCACCAAATGCCT-1",2
"CAAGCGGCACATAATT-1",5
"CAAGGATCGCATGTTC-1",3
"CAAGGCCAGTGGTGCA-1",5
"CAAGGTCCTATAGGCT-1",1
"CAAGTAAGTGATAGAC-1",4
"CAAGTGTGGTTGCAAA-1",2
"CAATAAACCTTGGCCC-1",2
"CAATACGAGAGTCTGA-1",2
"CAATACGCTCTGAGGC-1",3
"CAATATGTAGATTTAC-1",1
"CAATATTCTTGACCTA-1",5
"CAATCCCTATACCAGC-1",2
"CAATCCTGCCGTGGAG-1",2
"CAATGACCCTTAATTT-1",4
"CAATGAGGTTCGACTA-1",1
"CAATGCGAGAAGTATC-1",5
"CAATGGAATCTACATA-1",1
"CAATGGATCTCTACCA-1",2
"CAATGTGCCAACCCTT-1",1
"CAATTAAGGGTGATGA-1",2
"CAATTTCGTATAAGGG-1",3
"CACAAGAAAGATATTA-1",1
"CACAAGCTAAGAAAGG-1",5
"CACAATGAGCTGCTAT-1",3
"CACACACGCTAACGAG-1",3
"CACACAGCTTGCGCTC-1",2
"CACACAGGGATAGATT-1",2
"CACACGCGCTGTCTTA-1",2
"CACACGTTTCAATGGG-1",1
"CACACTTGTATTGCGA-1",1
"CACAGAGACGAGGACG-1",5
"CACAGCACCCACGGCA-1",2
"CACAGCTAGGGAGTGA-1",2
"CACAGGGCCATATAGT-1",5
"CACAGGGCCGTTGTCA-1",4
"CACAGTCCCGCTTCGC-1",3
"CACAGTTCGCTTCCCA-1",3
"CACATATTAGCAGGAT-1",3
"CACATCGTGCACGCGC-1",5
"CACATCTCACCGACGA-1",5
"CACATGATTCAGCAAC-1",3
"CACATGTTTGGACATG-1",2
"CACATTCTTTCGATGG-1",2
"CACATTTCTTGTCAGA-1",2
"CACCACGCCACACAGA-1",3
"CACCAGTCAGCATGCA-1",5
"CACCATCGGAGGAGAC-1",2
"CACCATGATCGCAAAG-1",1
"CACCCAAATCTTATGT-1",1
"CACCCACACGTCACCC-1",2
"CACCCACGAGGCAATT-1",2
"CACCCGGTTTGTGACT-1",5
"CACCCTAACAAGATCT-1",5
"CACCCTTGGTGAGACC-1",3
"CACCCTTTCCTCGCTC-1",2
"CACCGATACACCGAGC-1",2
"CACCGATGATGGGTAC-1",5
"CACCGCCAGAAGGTTT-1",2
"CACCGCCGACCAGCGA-1",2
"CACCGCGTCCACTCTA-1",1
"CACCGGAGATATCTCC-1",1
"CACCGGGCATCACAAG-1",5
"CACCGGTAGAGACATT-1",5
"CACCGTATCCCATCCG-1",3
"CACCGTTAGGGATCAC-1",5
"CACCGTTGCGCGATAT-1",3
"CACCTAATAGAGTCGT-1",2
"CACCTAATCAGTTTAC-1",2
"CACCTCGATGGTGGAC-1",2
"CACCTTGCGAAACTCG-1",2
"CACCTTGGCGCCTTTG-1",2
"CACGAAAGTTAGTCCC-1",3
"CACGACGTAATAGTAA-1",1
"CACGAGCAAACCAGAC-1",5
"CACGCACAGCGCAGCT-1",2
"CACGCAGCGAGGCTTT-1",3
"CACGCGGAACTGTTGC-1",2
"CACGGACGTGGATGGC-1",1
"CACGGCGCGCCAAAGG-1",1
"CACGGGATTGAGGGTT-1",2
"CACGTCAATCAATGGA-1",3
"CACGTCGGCAACCTCT-1",5
"CACGTCTATGATGTGG-1",1
"CACGTTCGTGCTCTAG-1",2
"CACGTTTCGTACACAC-1",5
"CACTAAAGTTGCCTAT-1",3
"CACTACGGGAGCTGCC-1",3
"CACTCAAGAGCTATGG-1",3
"CACTCAGCTCTTGAGG-1",2
"CACTCCTATGTAAGAT-1",5
"CACTCCTCTCGGTCGG-1",2
"CACTCGAGCTGAACAA-1",3
"CACTCGGTTAGGAGGA-1",2
"CACTCTCAAGCATCGA-1",4
"CACTCTTCTGCTAGCC-1",5
"CACTGACGATTGTGGA-1",4
"CACTGTCCAAGTGAGA-1",2
"CACTTAATCAGACGGA-1",3
"CACTTCGCCACAGGCT-1",2
"CACTTCGTCTTATCTC-1",1
"CAGAACTTAGCCCTCT-1",5
"CAGAATAACACACGGA-1",3
"CAGACACCGATCGCTG-1",5
"CAGACCTGTAAGTGTT-1",1
"CAGACGAACCTGATAC-1",5
"CAGAGACGGTCACCCA-1",5
"CAGAGCATGAGCTTGC-1",2
"CAGAGGCGATGCATGA-1",5
"CAGAGTGATTTAACGT-1",2
"CAGATAATGGGCGGGT-1",5
"CAGATACTAACATAGT-1",2
"CAGATATGAAGATGAC-1",5
"CAGATCATTTAAAGTC-1",1
"CAGATCCTGGTTTGAA-1",5
"CAGCAGCCCGTTCCTT-1",2
"CAGCAGTCCAGACTAT-1",3
"CAGCAGTCTGTGCTGC-1",5
"CAGCCGGGCCCTCTAT-1",2
"CAGCCTCCTGCAGAGG-1",2
"CAGCCTCGATAGCGGT-1",3
"CAGCCTCTCCTCAAGA-1",2
"CAGCGATTCCCTTCAA-1",5
"CAGCGCCAACACGATA-1",2
"CAGCTCACTGAGACAT-1",3
"CAGCTCGACAAGTTAA-1",2
"CAGCTCGTGCTTGTGT-1",2
"CAGCTCTGGGCTCACT-1",4
"CAGCTGGCGTAACCGT-1",3
"CAGCTTAGTAGGTAGC-1",3
"CAGGAAGACTTTATAT-1",2
"CAGGATATATCGTTGT-1",3
"CAGGCAGTCTTACCAG-1",5
"CAGGCCAGTACCACCT-1",5
"CAGGCCGTTTGGGTGT-1",3
"CAGGCGCACGGTGGTC-1",5
"CAGGCGCCATGCTAGG-1",3
"CAGGGAGATAGGCCAG-1",5
"CAGGTTTAGTACTACA-1",1
"CAGTAACTATTTATTG-1",1
"CAGTAATCCCTCCCAG-1",2
"CAGTACATTCTCTAAA-1",1
"CAGTACCAGTTTACGT-1",3
"CAGTAGCCCACGCGGT-1",2
"CAGTCCAACGCCTTCT-1",1
"CAGTCGAGGATGCAAT-1",1
"CAGTCTGTATACTGGG-1",3
"CAGTGAATAAATGACT-1",2
"CAGTGGTTGCACATGA-1",2
"CAGTGTCCGCAGAATG-1",2
"CAGTGTCGGCTGGCCC-1",3
"CAGTGTTAATCTCTCA-1",5
"CAGTTCAAATTGACAC-1",2
"CAGTTCCGCGGGTCGA-1",2
"CAGTTCGAGGACCCGA-1",4
"CATAACGGACAGTCGT-1",2
"CATAAGAAGCTTGGCT-1",5
"CATAAGCTCTCCGTCT-1",3
"CATACAAAGCCGAACC-1",2
"CATACACGGTTCCCAC-1",5
"CATACCCGTACCCAGT-1",3
"CATACGAACTAGCTGG-1",5
"CATACGGCGTCTGGGC-1",3
"CATACTATGTAATTGT-1",3
"CATACTTAGGCAATAC-1",1
"CATACTTCTTTCTCCG-1",4
"CATAGAGGAGATACTA-1",4
"CATAGCCGCCCGGGAT-1",2
"CATAGCGTTGCCCACC-1",5
"CATAGGGACACTTGTG-1",5
"CATAGTACATTGAGAG-1",2
"CATAGTAGCATAGTAG-1",2
"CATAGTCAAATACATA-1",5
"CATAGTCCACAAGAAC-1",3
"CATATACTACTGATAA-1",1
"CATATAGGTACAGTCA-1",3
"CATATGTCAGGCTACG-1",3
"CATATTATTTGCCCTA-1",2
"CATCAAACTGGCGCCC-1",1
"CATCAACACCTACTAA-1",1
"CATCATCTACCCGGAC-1",2
"CATCATTACCCTGAGG-1",3
"CATCCAATATAGTTTG-1",5
"CATCCCGAGATTCATA-1",5
"CATCCGCAGGCCCGAA-1",1
"CATCCTCTCAAAGATC-1",3
"CATCGCCCGCGGCCAA-1",2
"CATCGGACGGGTTAAT-1",3
"CATCGTCCGGTTACTA-1",2
"CATCTACCCGAGAACG-1",1
"CATCTAGTGAAGGGAA-1",2
"CATCTATCCCGTGTCT-1",1
"CATCTGCAGGATCATT-1",2
"CATCTTACACCACCTC-1",2
"CATGAACCGACATTTG-1",2
"CATGACTTCGCTGAAT-1",2
"CATGAGATGCACTCTC-1",5
"CATGAGTCCATCACGG-1",4
"CATGATCGCTTTGAGA-1",5
"CATGATGCACAATTCT-1",2
"CATGATGGAAGTTAGC-1",2
"CATGCACATGAGAGGC-1",5
"CATGCCAACTCGCAAA-1",3
"CATGCGACCAGTTTAA-1",1
"CATGCGTTAGACAGAA-1",2
"CATGCGTTGAGAGGAG-1",4
"CATGCTGGCTCCAATT-1",2
"CATGGAAATGGGACCA-1",1
"CATGGATTGTCTTCCG-1",3
"CATGGCAGGAAGATCG-1",2
"CATGGGTATGCCTTAT-1",5
"CATGGGTCGGGTGTGG-1",2
"CATGGTAAGTAGCGTT-1",3
"CATGGTATTAGTTTGT-1",3
"CATGGTCTAGATACCG-1",2
"CATGGTTTATTAATCA-1",5
"CATGTAAGAGACATTT-1",5
"CATGTAGGAGCGCCAA-1",1
"CATGTCTCATTTATGG-1",3
"CATTACATAGATTGTG-1",1
"CATTACGCAGGAAGGG-1",5
"CATTACGTCGGCCCGT-1",2
"CATTATCCCATTAACG-1",5
"CATTATGCTTGTTGTG-1",2
"CATTCCCATTCCGTCG-1",1
"CATTCCCTAAGTACAA-1",2
"CATTCGTCGTAGCGGT-1",3
"CATTGATGAACACGCC-1",1
"CATTGCGAAATGGGCG-1",2
"CATTGCGGGTCAATTC-1",1
"CATTGTGTGCTAGATC-1",1
"CATTTAGCGGACCATG-1",2
"CATTTATCGTTCAAGA-1",1
"CATTTCTAGCAGACTA-1",2
"CATTTGAGTGGTACGT-1",5
"CCAAACAGAACCCTCG-1",2
"CCAAATAACAAGATTC-1",3
"CCAAATCAAAGGGCAA-1",5
"CCAACCTTATGTAACT-1",4
"CCAACGATGCACTGAT-1",3
"CCAACGCTTGCCAGGG-1",1
"CCAAGAAAGTGGGCGA-1",5
"CCAAGACTTCTGCGAA-1",2
"CCAAGCGTAACTCGTA-1",2
"CCAAGGAACAGAGAGG-1",2
"CCAAGGTTGCCCTTTC-1",5
"CCAAGTTTCTACAGAT-1",1
"CCAATAGATTTCATCT-1",1
"CCAATAGTGCCGTCGA-1",3
"CCAATCGGTAGATCGA-1",2
"CCAATGTCACAGCAAG-1",3
"CCAATTACGGGTCGAG-1",2
"CCAATTGAATGTTAAT-1",2
"CCACAATGTACGTCTT-1",2
"CCACACTGAGATATTA-1",3
"CCACAGTACCCATCCT-1",3
"CCACATACTGCACCCA-1",2
"CCACCAACTTTACTGT-1",5
"CCACCCAAGGAAAGTG-1",2
"CCACCTGTATGGAATA-1",3
"CCACGAATTTAACCTC-1",2
"CCACGAGAAGAGAATC-1",2
"CCACGGAGCCATAAGA-1",3
"CCACGGCAGGTGTAGG-1",4
"CCACGGTGCCCGGTAG-1",1
"CCACGTAAATTAGACT-1",1
"CCACTATCCGGGTCAC-1",1
"CCACTCAGATCCGCAA-1",4
"CCACTGGTGGCTGGTT-1",3
"CCACTGTTTGGATTAA-1",3
"CCAGAAACTGATGCGA-1",5
"CCAGAAAGCAACTCAT-1",5
"CCAGAGACAAAGCCGG-1",2
"CCAGATAGTTGAGTGA-1",2
"CCAGATGTAAATGGGT-1",1
"CCAGCCTGGACCAATA-1",3
"CCAGCGGGATCACCAG-1",1
"CCAGCTACGCCTCATA-1",2
"CCAGCTCGAACGCATT-1",4
"CCAGCTGATGGTACTT-1",3
"CCAGCTTCCGCCCGCA-1",2
"CCAGGCGAGATGGTCT-1",5
"CCAGGCTGGCGTCTGA-1",3
"CCAGGGACGTGGCCTC-1",2
"CCAGTAGTCTGATCCA-1",2
"CCAGTCAAATCTCTTA-1",3
"CCAGTCCATTATTCGA-1",1
"CCAGTCTAGACGGCGC-1",2
"CCAGTCTTGTCATAGA-1",5
"CCAGTGTACAGACCGA-1",5
"CCAGTTCGGTAACTCA-1",4
"CCATAAACAACCCGAC-1",2
"CCATACCTTTACTTGT-1",1
"CCATACTCGCCTCTCC-1",1
"CCATAGGTTGGCGTGG-1",2
"CCATAGTCAGTAACCC-1",2
"CCATATGGAAACTATA-1",3
"CCATCCATACCAAGTC-1",2
"CCATCGCAGTTAAACT-1",5
"CCATCTCACCAGTGAA-1",2
"CCATGCCCTAGATTTC-1",3
"CCATGCCTGTTTAGTA-1",3
"CCATGCTCTGCAGGAA-1",2
"CCATGGCAAACGCTCA-1",4
"CCATGGCCCTTGTACC-1",3
"CCATGTTCATCTATAT-1",5
"CCATTAGCGATAATCC-1",3
"CCATTCCCTGCCCACA-1",3
"CCATTGTTTCCTCCAT-1",1
"CCATTTCTACCTATTA-1",5
"CCCAAACATGCTGCTC-1",2
"CCCAACATACGTCGCG-1",3
"CCCAACCACACTAACA-1",2
"CCCAAGTCATTACACT-1",5
"CCCAATGAGATTTGCA-1",5
"CCCAATTTCACAACTT-1",3
"CCCAGAGGAGGGCGTA-1",1
"CCCAGGAAGAATTCGA-1",4
"CCCAGGTCTGAAGGCT-1",3
"CCCAGTAAACTTGGGA-1",3
"CCCAGTTAAGGCGCCG-1",3
"CCCATATAGGTCGATT-1",5
"CCCGAAGTTTCGCGAA-1",3
"CCCGACCATAGTCCGC-1",2
"CCCGAGTTTCTCCGTA-1",2
"CCCGCAGCGCGAACTA-1",5
"CCCGCAGGGCCCAAAG-1",2
"CCCGCCATGCTCCCGT-1",2
"CCCGCGCAATGCACCC-1",2
"CCCGGGTCGTTCAGGG-1",4
"CCCGGTGGAAGAACCT-1",2
"CCCGGTGTATCGGAAT-1",3
"CCCGTAAGTCTAGGCC-1",3
"CCCGTAGCTGGGAAGA-1",5
"CCCGTCAGCGTCTGAC-1",2
"CCCGTTTCGCAGATGT-1",3
"CCCTACCCACACCCAG-1",4
"CCCTACTTGAACAATG-1",4
"CCCTAGTGTCAGGTGT-1",1
"CCCTATGTAGAGCAGA-1",5
"CCCTCAGATCGAGAAC-1",5
"CCCTCATTCTGGAATT-1",2
"CCCTCCTCGCTCGTAT-1",3
"CCCTCGATAATACACA-1",5
"CCCTGAAATGAGTTGA-1",3
"CCCTGACTAACAAATT-1",3
"CCCTGATGTAACTCGT-1",2
"CCCTGCCCAATCCGCT-1",3
"CCCTGCGCTACGCATA-1",3
"CCCTGGTATGGGCGGC-1",1
"CCCTTTAATGGAGTTC-1",5
"CCCTTTGACAGGTCTT-1",5
"CCGAAAGTGGTGAGCA-1",2
"CCGAACACTGGGCCTC-1",3
"CCGAACCTTCCCGGCC-1",3
"CCGAAGGGCGTACCGC-1",1
"CCGAAGTATATTGTTC-1",2
"CCGACAAACACATGAG-1",1
"CCGACAAAGGGAGTGC-1",3
"CCGACAATAGGCCGCC-1",3
"CCGACGGGCATGAGGT-1",5
"CCGACGTAAACACAAC-1",2
"CCGAGAAGTCGCATAA-1",2
"CCGAGCTGTGCTTGTC-1",1
"CCGATATGACGTAAGG-1",2
"CCGATCTCAACCTTAT-1",2
"CCGATCTTAAGAGGCT-1",1
"CCGATTCGAGGGACCC-1",3
"CCGCACAAAGACCAAC-1",2
"CCGCACACGAACGTGT-1",2
"CCGCACGTGACCTCGG-1",2
"CCGCACTTGCAATGAC-1",5
"CCGCATGTGGTACGAT-1",5
"CCGCCGGAACTTCTCG-1",3
"CCGCCGGTCAACACAC-1",2
"CCGCCGTTGAGGATAA-1",2
"CCGCCTGCGAATTGGT-1",1
"CCGCCTTGCGATGTCG-1",3
"CCGCGATTTGGTAGGT-1",3
"CCGCGGAATGCGTCAC-1",5
"CCGCGGGTACGAAGAA-1",3
"CCGCGTAGGTAAGGGC-1",2
"CCGCTATCAGCACCAG-1",3
"CCGCTCCAGGGCGATC-1",4
"CCGCTCTTCCGAACTA-1",5
"CCGCTGGTGCCATTCA-1",1
"CCGCTTACCTCACTCT-1",5
"CCGCTTGCTGACATGG-1",1
"CCGGAATGGTTTCAGT-1",2
"CCGGAGCGTACTTTCT-1",5
"CCGGAGGTCTTATGGT-1",1
"CCGGCACGACCGTTTC-1",1
"CCGGCGCATATTGGAT-1",2
"CCGGCGTGAGACTCTG-1",3
"CCGGGACCCGCAGAGA-1",2
"CCGGGCGGTCTCGTCA-1",2
"CCGGGCTAAGAATTTC-1",5
"CCGGGCTGCTCCATAC-1",2
"CCGGGTTCGAGGTTAC-1",3
"CCGGTAATGGCTAGTC-1",1
"CCGGTTTGTAATTGTG-1",5
"CCGTAAGTTGGTCCCA-1",2
"CCGTACCCAAGCGCCA-1",2
"CCGTAGGAAATCCCTG-1",5
"CCGTAGGGTTGTTTAC-1",5
"CCGTATCTCGTCGTAG-1",5
"CCGTATTAGCGCAGTT-1",1
"CCGTCAACCTCTGGCG-1",5
"CCGTGAGGCATTCATG-1",1
"CCGTGCCCATGACGGC-1",2
"CCGTGGAACGATCCAA-1",1
"CCGTGTTAAATTCCAT-1",5
"CCGTTACGTTAGAACA-1",2
"CCGTTCCGAATCTCGG-1",3
"CCGTTTCCTTTCCGTG-1",4
"CCTAAAGGCTGACGCT-1",2
"CCTAAATTAACGGTTC-1",3
"CCTAAATTGTATCCTA-1",3
"CCTAACCCAAACAAGT-1",3
"CCTAACTAAGGCTCTA-1",2
"CCTACAAGTCCGGAAT-1",1
"CCTACATTCACAGACG-1",5
"CCTACGGCTCAGTCGA-1",2
"CCTACTCAACACGATT-1",3
"CCTACTGCGGCGGCCA-1",1
"CCTACTGCTTACACTT-1",2
"CCTAGGCGTAGCGATC-1",2
"CCTAGGTAAAGGTAGC-1",3
"CCTAGTTAGTCGCATG-1",2
"CCTATAATGAGTGCCC-1",5
"CCTATACCGTCCTGTC-1",5
"CCTATATCGTGTCACG-1",5
"CCTATATTTGTCCTGG-1",4
"CCTATCTATATCGGAA-1",2
"CCTATGAAGTGGTGCC-1",1
"CCTATGGCTCCTAGTG-1",5
"CCTATGGGTTACCGTC-1",2
"CCTATGGTCAAAGCTG-1",4
"CCTATGTCCACTCCAC-1",5
"CCTCACCAATCTTGAC-1",2
"CCTCACCTGAGGGAGC-1",1
"CCTCACCTTAGCATCG-1",1
"CCTCACGTCAGCTAAT-1",3
"CCTCATGCAGCTACGA-1",2
"CCTCCCGACAATCCCT-1",2
"CCTCCGACAATTCAAG-1",3
"CCTCCTAGCTAGAGTC-1",5
"CCTCCTGAGCCCACAT-1",3
"CCTCCTGTTGTGTCGT-1",5
"CCTCGAAGTGGACGGG-1",2
"CCTCGCCAGCAAATTA-1",2
"CCTCGCGCGATATAGG-1",2
"CCTCGCGCTGTGCGAT-1",5
"CCTCGGACCGGGATAG-1",2
"CCTCGGATGCTACCTG-1",2
"CCTCGGTTTCCTTGCC-1",4
"CCTCGTTACGCCTGTT-1",1
"CCTCTAATCTGCCAAG-1",2
"CCTCTACAAGGATTGG-1",5
"CCTCTATCGATTAGCA-1",5
"CCTCTCTCCCATCTAG-1",3
"CCTCTGGCCTAGACGG-1",2
"CCTCTGTACTATTCTA-1",5
"CCTGAACGATATATTC-1",2
"CCTGAATATTTACATA-1",2
"CCTGACCACCGATGGT-1",3
"CCTGAGAATAAATGCA-1",4
"CCTGCCCGTTGTCTAG-1",2
"CCTGCGTTCTACGCTT-1",2
"CCTGCTATTTGAGAAG-1",2
"CCTGGAAACGTTCTGC-1",1
"CCTGGCTAGACCCGCC-1",3
"CCTGGTCGAATGTGGG-1",5
"CCTGTAAGACATGATA-1",3
"CCTGTACTCACGCCCA-1",3
"CCTGTCACCCGGGCTC-1",2
"CCTGTCCCTCACGTTA-1",1
"CCTGTCGCCCGTAAAT-1",3
"CCTGTCGTGTATGAAG-1",3
"CCTGTGAAACCGTAAC-1",1
"CCTGTTCAACCTCGGG-1",4
"CCTGTTTGAAGACACG-1",5
"CCTTCAGTTAAAGTGA-1",5
"CCTTCCGCAACGCTGC-1",5
"CCTTCGTATAGAATCC-1",4
"CCTTCTCAGCGTTCCT-1",3
"CCTTCTTGATCCAGTG-1",2
"CCTTGACCACTTTATT-1",3
"CCTTGTGAACGTGGTT-1",4
"CCTTTAAGGGAGCACT-1",5
"CCTTTCAATGAAGAAA-1",2
"CCTTTGAATTATGGCT-1",3
"CGAAACATAGATGGCA-1",2
"CGAAACGCAATTCATG-1",3
"CGAACAGTATGGGCGT-1",3
"CGAACATAGTCAGAAA-1",1
"CGAACCCGCATGCGTC-1",5
"CGAACCTCTTTCCTAG-1",5
"CGAACGCCCAGTGCCG-1",2
"CGAACGGCCGGACAAC-1",3
"CGAAGACGGTGAGTGC-1",1
"CGAAGATCAGTTTCAT-1",4
"CGAAGCTATAAATTCA-1",1
"CGAAGGGTTTCAGATT-1",5
"CGAAGTTGCTCTGTGT-1",3
"CGAATCTGCTCGACGC-1",5
"CGAATGAAGTCATTGC-1",5
"CGAATGACGCATAATG-1",4
"CGAATGGTAGGTCGTC-1",5
"CGACAATTTGATCTAA-1",2
"CGACACCGCTTAAGGA-1",1
"CGACACGCTCCGACAG-1",3
"CGACACGGATGCCCAC-1",1
"CGACAGTTCGCGTTAT-1",3
"CGACATGCGATCTTCT-1",2
"CGACCCTTAACGCCGG-1",3
"CGACGCATCCGTACCT-1",3
"CGACTCAGGATGTTAT-1",2
"CGACTCGGTACACGGT-1",1
"CGACTTTGTATAGCCT-1",1
"CGAGACCCTAGAGTGT-1",3
"CGAGACTACTGCTGCT-1",5
"CGAGAGATGTGAACCT-1",2
"CGAGAGCGCGTAGATA-1",3
"CGAGAGCTTTCACTAC-1",5
"CGAGAGGGTAGCCGCG-1",3
"CGAGATTTCGCTCGGG-1",2
"CGAGCACTTCAAGTTT-1",2
"CGAGCGTTGATCAGCC-1",2
"CGAGCTGGGCTTTAGG-1",2
"CGAGGAGCTTCCATAT-1",1
"CGAGGATCGGGAACGA-1",1
"CGAGGCCAGGCATTGG-1",2
"CGAGGCTAAATATGGC-1",2
"CGAGGGACTGCGGTCG-1",2
"CGAGGGTATCCAGGTG-1",4
"CGAGTACTAAAGAGGA-1",3
"CGAGTGAAGGTACCAG-1",5
"CGAGTGCTATAGTTCG-1",2
"CGAGTTCTGTCCCACC-1",2
"CGAGTTTATCGGACTG-1",2
"CGATAACCAATTTGAG-1",1
"CGATAATACTCAGGTT-1",2
"CGATACCTCGCGGACA-1",3
"CGATAGCGATACAGTG-1",3
"CGATAGTCGTACTGCA-1",5
"CGATCATTAGAGGCAC-1",1
"CGATCCACCATTGTTG-1",4
"CGATCCGACCCAGTGC-1",3
"CGATCCTCGCAACATA-1",4
"CGATCGAGAAGCACCA-1",4
"CGATCTGTTGGAGGAC-1",3
"CGATGGACCCTACGCC-1",2
"CGATGTTGTTATCTAC-1",5
"CGATTAAATATCTCCT-1",5
"CGATTCGCCTGGCTGC-1",5
"CGCAAACACGAGTTAC-1",3
"CGCAATCGATCATTAG-1",1
"CGCAATTACTTTCGGT-1",2
"CGCAATTAGGGTAATA-1",3
"CGCAATTCTACAATAA-1",2
"CGCACATGTCCACTAC-1",2
"CGCACGTCTGTTTATG-1",4
"CGCACGTGCGCTATCA-1",2
"CGCAGAAACATTTGCG-1",2
"CGCAGATCTTCACCCG-1",1
"CGCAGGCGATCCAAAC-1",3
"CGCATCATGGCTTCAG-1",2
"CGCATCCATCAGCCAG-1",1
"CGCATGCCGAATGCGT-1",5
"CGCATGGTGCGATGCT-1",3
"CGCATTAGCTAATAGG-1",2
"CGCCAAGAAGCCGAGT-1",3
"CGCCACAGGTCGCGAT-1",3
"CGCCATCCGATTATGA-1",2
"CGCCCAGCACGCCTAG-1",5
"CGCCCAGCGTTTCACG-1",5
"CGCCCGCTTCCGTACA-1",2
"CGCCCTAATTGTTCAA-1",3
"CGCCCTTGAAGGCTGA-1",2
"CGCCGACTATTCGCTA-1",2
"CGCCGCCCATGCCTGT-1",2
"CGCCGCGTTCTGAACG-1",4
"CGCCGGTGTCGCAGTA-1",1
"CGCCGTCTACCCATCG-1",1
"CGCCGTTCAGCATAGT-1",3
"CGCCTCCCTCCTCTAT-1",3
"CGCCTGGCCTACGTAA-1",3
"CGCCTTTAGCATGCTC-1",2
"CGCGAAGTGGCATACT-1",5
"CGCGACACTGCGCAGC-1",2
"CGCGACCGCGACAGAT-1",5
"CGCGAGAGGGACTTGT-1",1
"CGCGAGTCTGCCGGGT-1",3
"CGCGCAAATGTCCAGA-1",5
"CGCGCATGTTTGATTG-1",5
"CGCGCCCGACTTAATA-1",2
"CGCGGCAGTATTACGG-1",2
"CGCGGCTCAACTTGAA-1",2
"CGCGGGAATTAGGCAG-1",2
"CGCGGGAATTCCTTTC-1",4
"CGCGGTAAGTCTAGCT-1",1
"CGCGGTACGGTATACA-1",3
"CGCGGTCACAAACCAA-1",1
"CGCGTACATTCTGGAA-1",1
"CGCGTTCATGAAATAC-1",2
"CGCTACGGGACATTTA-1",3
"CGCTAGAGACCGCTGC-1",2
"CGCTATACCGCCCACT-1",2
"CGCTATTCAATGTATG-1",2
"CGCTATTCTTAGGCTC-1",3
"CGCTCGACATAATGAT-1",2
"CGCTCTCCGTAGATTA-1",3
"CGCTGGTGACTACCCT-1",3
"CGCTGTGACGCCGCAC-1",2
"CGCTGTGTGGATGTTG-1",5
"CGCTTAGTATTGATAC-1",4
"CGCTTATTCCCGGTCG-1",3
"CGCTTCCACTGAAATC-1",2
"CGCTTCGGTCTAAGAC-1",5
"CGCTTGGACGGATAGA-1",3
"CGCTTTCATACCGGTG-1",2
"CGCTTTCCGCCAAGGT-1",4
"CGCTTTCTTGCATTCG-1",2
"CGGAAAGAATCAAACG-1",5
"CGGAACGTAAACATAG-1",5
"CGGACCTTTACGTCCC-1",4
"CGGACGTTACTTGAAG-1",2
"CGGAGCAATTTAATCG-1",5
"CGGAGCATGGCGATCC-1",3
"CGGAGCTTATAACACC-1",2
"CGGAGTCCTAACCTGG-1",3
"CGGAGTTTGAGAGACA-1",3
"CGGATAAGCGGACATG-1",2
"CGGATCCTCAAGGACT-1",5
"CGGATGAATGCTGTGA-1",5
"CGGCAAACATCGTGCG-1",5
"CGGCAATAAGATCGCC-1",3
"CGGCACCGTTAGCGCC-1",2
"CGGCACTCAAGAAAGT-1",2
"CGGCAGGGTCGGGTTG-1",2
"CGGCCACGCACAAAGT-1",3
"CGGCCAGAGCGACCAT-1",4
"CGGCCCAACCTGTAGT-1",1
"CGGCCCAGGTATATCC-1",2
"CGGCGCCATCAATCCC-1",5
"CGGCTCTAAAGCTGCA-1",2
"CGGCTCTTCGTCGAAC-1",2
"CGGCTTTGTATGATAA-1",2
"CGGGAACGCCCTGCAT-1",3
"CGGGAAGTACCGTGGC-1",5
"CGGGAATATAGTATAC-1",2
"CGGGAATTTATGTAAA-1",3
"CGGGAGCTTCAGTGTA-1",3
"CGGGAGTATACCGCCG-1",2
"CGGGATCAATGTAAGA-1",2
"CGGGCAGCTAAACCGC-1",3
"CGGGCCATAGCCGCAC-1",2
"CGGGCCTTCTTTGTAA-1",3
"CGGGCGATGGATCACG-1",4
"CGGGTGTACCCATTTA-1",2
"CGGGTTCGGCACGTAT-1",1
"CGGGTTTGTTAGGGCT-1",3
"CGGTACTAGAATCAAA-1",3
"CGGTAGAGGTGCAGGT-1",2
"CGGTATAGGTATTAGC-1",1
"CGGTATGGGCACTCTG-1",4
"CGGTCAAGTGGGAACC-1",2
"CGGTCAGTCCATATTT-1",2
"CGGTCCATGAGACTCC-1",1
"CGGTCCGTCGCAAGCC-1",4
"CGGTCTATCAACCCGT-1",2
"CGGTGAAGACTAAAGT-1",3
"CGGTGCAGATAGAACG-1",3
"CGGTGCGCGTTGGTCC-1",5
"CGGTGGGCTCCAGCCT-1",1
"CGGTGTACTTGATCCC-1",2
"CGGTTATCCAACAGTG-1",1
"CGGTTCAAGTAGGTGT-1",2
"CGGTTCCGGCTTCTTG-1",2
"CGGTTGACCTGGCATA-1",3
"CGGTTGAGTATCCTTC-1",5
"CGGTTGGGCAGGGTCC-1",4
"CGGTTGGGTTCAAGTT-1",1
"CGGTTTATGAAGGAAC-1",1
"CGTAAACGCTTGAGTG-1",1
"CGTAAAGCAAGAAATC-1",5
"CGTAAATAACAAAGGG-1",4
"CGTAACTTCGACACTT-1",4
"CGTACCTGATAGGCCT-1",2
"CGTAGAGAGTAATTAT-1",4
"CGTAGCGAATTGTCAG-1",2
"CGTAGCGCCGACGTTG-1",2
"CGTATTAAGAGATCTA-1",3
"CGTATTGTTTCCTAAT-1",1
"CGTCAAATGGTCGCAG-1",1
"CGTCAAGGCTATAAAT-1",2
"CGTCACGTCCATTGGT-1",5
"CGTCAGTGCGCACAAG-1",2
"CGTCATACCATATCCA-1",2
"CGTCCTCATCGCGTGC-1",5
"CGTCGCATGTGAGCCA-1",4
"CGTCGCGGCGGGATTT-1",1
"CGTCGCTTGGTTATAC-1",5
"CGTCGGATAGTGTTGA-1",2
"CGTCGGGTCTAAGCGC-1",5
"CGTCGTCCTTCGCGAA-1",5
"CGTCTCTCGCCGAGGC-1",1
"CGTCTGGAAGGGCCCG-1",2
"CGTCTTGAGTGTGACG-1",2
"CGTGAAGTTAATTCAC-1",3
"CGTGACATTGGGTCGT-1",2
"CGTGACCAGTCCTCTG-1",4
"CGTGCACACCACTGTA-1",4
"CGTGCAGACTGGGACA-1",3
"CGTGCATTGTCGACGC-1",3
"CGTGCCCTCCCGAAGA-1",3
"CGTGCTTCTACCTAAA-1",5
"CGTGGAAGCCTCGTAC-1",2
"CGTGGCCGAATATCTA-1",3
"CGTGGTACCCAAAGGC-1",4
"CGTGTATGGGAGCTGA-1",5
"CGTGTCCCATTCGCGA-1",2
"CGTGTCTCGTTACGAC-1",5
"CGTGTGTTAAACCCTG-1",1
"CGTTAAACTAGTTAGG-1",2
"CGTTAATGTCCCGACG-1",5
"CGTTAGCTCACAACTG-1",2
"CGTTCAAGGAAACGGA-1",4
"CGTTCAGACCCGCGAA-1",4
"CGTTCATGGTGCGCGT-1",3
"CGTTCTTCGCACACCT-1",1
"CGTTGAATACCGCGCT-1",5
"CGTTGAGCGACCGTCG-1",3
"CGTTGAGTAATTGCGT-1",1
"CGTTGCCCGCGTGGGA-1",4
"CGTTGTAAACGTCAGG-1",2
"CGTTGTAAGATTGATT-1",1
"CGTTGTCGGCAATTGA-1",4
"CGTTGTTTCAATTCCC-1",3
"CGTTTAAGCGGAGCAC-1",2
"CGTTTACAAGGCAGCT-1",1
"CGTTTCACTTCGGGCG-1",2
"CGTTTCGCTCATTACA-1",3
"CGTTTGGTGTTGTGGG-1",3
"CGTTTGTGTAGAGGGT-1",5
"CTAAAGAATGCCTACT-1",3
"CTAAAGGGAAATAGGA-1",3
"CTAAATCCGGTGTACA-1",5
"CTAAATCCTATTCCGG-1",2
"CTAACCGCGCGCCCGT-1",3
"CTAACGAAACTTGCTG-1",2
"CTAACTGATAATCGCC-1",3
"CTAACTGGTCCGGTTC-1",5
"CTAAGGGAATGATTGG-1",3
"CTAAGTACAGGGCTAC-1",1
"CTAATTATGAAGCGTA-1",1
"CTAATTCGCACGCGCT-1",3
"CTAATTCTCAGATATT-1",1
"CTAATTTCAACAACAC-1",2
"CTACAAGAAATAACCC-1",5
"CTACACTCGCAGATGG-1",3
"CTACATATCGCGGGAC-1",5
"CTACCCTAAGGTCATA-1",2
"CTACGACTAGCTATAA-1",3
"CTACGATCCTATCCTA-1",5
"CTACGCACGGAGTACC-1",3
"CTACGCCATTTCCGAT-1",2
"CTACTATCATAGGTTT-1",5
"CTACTATCTTTCAGAG-1",2
"CTACTCAAGGTATAGT-1",5
"CTACTCTAGGCCCGGC-1",2
"CTACTGCCACCTGACC-1",2
"CTAGACATATATGTAG-1",1
"CTAGACTGCATTTCGT-1",1
"CTAGATGTGAGTGTAA-1",1
"CTAGATTTACGACGGC-1",3
"CTAGCATAGTATAATG-1",2
"CTAGCCACAGGCGAGC-1",3
"CTAGCCGATGTTATGA-1",1
"CTAGGCGCCCTATCAG-1",3
"CTAGGGATAGGGACAA-1",4
"CTAGGTCTGAAGGAAT-1",1
"CTAGGTTCGGACGTGA-1",5
"CTAGTAGAAAGGGATT-1",5
"CTAGTATTCGGAATTA-1",2
"CTAGTCACGTCTTAAG-1",2
"CTAGTGAAGGACAGGA-1",3
"CTAGTTACAACCCGGT-1",5
"CTAGTTGGGCCCGGTA-1",2
"CTATAAGAGCCAATCG-1",1
"CTATAAGTAGGGTTTG-1",3
"CTATAGGCGTTGATGT-1",5
"CTATATCCAGCCTGGC-1",4
"CTATCACAACGCTGGA-1",4
"CTATCGACGAAATACA-1",3
"CTATCGCGTAGAGAAC-1",3
"CTATCGGGTCTCAACA-1",2
"CTATGAACACCTTGCC-1",5
"CTATGCCCGAATGCAA-1",4
"CTATGGGAAGCGGAAT-1",3
"CTATGTCACTAGCCCA-1",2
"CTATGTCTATTGAAAC-1",2
"CTATGTGAGTCACGGC-1",3
"CTATTCATGTGTCCCA-1",5
"CTATTGTGTTTGGTCA-1",1
"CTATTTGCTTGGAGGA-1",4
"CTATTTGGTTACGGAT-1",2
"CTCAAACCACTGCCCG-1",4
"CTCAACTAACCCGGAT-1",5
"CTCAAGACATTAGCGC-1",1
"CTCACACGCAAGCCTA-1",1
"CTCACATTTACTAAAT-1",5
"CTCACCAGTACAAGTG-1",1
"CTCACCGATCCAAACT-1",1
"CTCACTGTGATACTTA-1",5
"CTCACTTGGCTGGTAA-1",3
"CTCAGAGCTAATGTCG-1",4
"CTCAGGACTCACCTGT-1",2
"CTCAGTCACGACAAAT-1",2
"CTCATCACTTAGTGAT-1",1
"CTCATGGCTCACAATC-1",2
"CTCATGGTAATTTGCG-1",5
"CTCATTAACGTTGCCC-1",1
"CTCATTCGTGAACATC-1",2
"CTCATTGCTCTAACAA-1",5
"CTCATTTGATGGGCGG-1",2
"CTCCCAATGAGTCGCG-1",3
"CTCCCTCCTTTCGATC-1",5
"CTCCGCCCACATGAGG-1",3
"CTCCGGCCTAATATGC-1",2
"CTCCGGCTTGTAGACA-1",2
"CTCCTAAGTTATGTCT-1",2
"CTCCTCCAGCTCACAC-1",4
"CTCCTGTTCAAGGCAG-1",3
"CTCCTTTACGCAAGTC-1",1
"CTCGAATGGAACGTAT-1",1
"CTCGAGACATACGATA-1",3
"CTCGAGGCAAGTTTCA-1",4
"CTCGAGGTCGAACAGT-1",2
"CTCGATATTTGCGAGC-1",2
"CTCGCACCTATATAGT-1",2
"CTCGCATTGCATAGCC-1",5
"CTCGCCGAATGTAGGG-1",5
"CTCGCTAGGTAAGCGA-1",5
"CTCGGGATAACACCTA-1",1
"CTCGGGTTCTCTGGCC-1",5
"CTCGGTACCACTGCTC-1",2
"CTCGGTCCGTAGCCTG-1",2
"CTCGGTTGTCGGCCCT-1",5
"CTCGTCGAGGGCTCAT-1",5
"CTCGTCTGTGCCTTCG-1",4
"CTCGTTACGGCTACCA-1",4
"CTCGTTTCTAATGTTT-1",1
"CTCTAATGCATTGATC-1",1
"CTCTACACTGGCGATT-1",3
"CTCTACATCCTGCGTG-1",4
"CTCTAGCCCTCGGAAA-1",5
"CTCTATTTGGCTGCAG-1",5
"CTCTCACAATCGATGA-1",2
"CTCTCGCTGTACTATG-1",2
"CTCTCTAACTGCCTAG-1",5
"CTCTGCAGGCATTCTT-1",5
"CTCTGCGAAGCAAGCA-1",2
"CTCTGGACGCCTGGTG-1",2
"CTCTGTTTGAGGATTC-1",2
"CTCTTCTATTGACTGG-1",2
"CTCTTCTGGAAGTTAG-1",5
"CTCTTGTCCCGCTTGG-1",5
"CTGAAACGGCCCTCAG-1",1
"CTGAAAGAGATCCGAC-1",2
"CTGAATCCGAGACCTC-1",5
"CTGAATTTATTGCCAG-1",1
"CTGACATAGAAATAGA-1",2
"CTGACTGCGCAGCTCG-1",1
"CTGAGAAAGTTCGGCG-1",2
"CTGAGAGTAGAAATAC-1",3
"CTGAGCAAGTAACAAG-1",2
"CTGAGCGAGACTTATT-1",1
"CTGATAGTGTATCTCA-1",3
"CTGATCCCTTTATGCA-1",5
"CTGCAAGCACGTTCCG-1",5
"CTGCACAACTACATAT-1",5
"CTGCACCTAGTCCACA-1",1
"CTGCACCTGGAACCGC-1",2
"CTGCACTCCAGTACAG-1",5
"CTGCAGAGAATCAGAG-1",5
"CTGCCAAGGTTGGAAG-1",2
"CTGCCATGCATCACAT-1",3
"CTGCCCACGAAGCGTT-1",2
"CTGCCTAGCCACCAAG-1",1
"CTGCCTCATATGCAAC-1",1
"CTGCCTTTAATACCTT-1",5
"CTGCCTTTCTAGTAAA-1",5
"CTGCGACCTCGCCGAA-1",4
"CTGCGATTTCGAGATT-1",4
"CTGCGGGTGAAATGTT-1",2
"CTGCGGTAGTCACGTG-1",1
"CTGCGTTACGATATAA-1",2
"CTGCTGAGGCCACGAA-1",5
"CTGCTGTCTAACGAGC-1",2
"CTGCTTGGCGATAGCT-1",5
"CTGCTTTATGTCCGCG-1",1
"CTGGAAATGGATGCTT-1",2
"CTGGAAGACACGGTGG-1",3
"CTGGACGCAGTCCGGC-1",3
"CTGGATTTACACTTGA-1",5
"CTGGCATCCGAATGAG-1",3
"CTGGCGACATAAGTCC-1",2
"CTGGCGCACAGGTCTG-1",2
"CTGGCGGGAATAAGTA-1",2
"CTGGCTGATTCATCCT-1",2
"CTGGCTGGTTGTCAGT-1",5
"CTGGGATAAATAATGG-1",2
"CTGGGATACGCTACCC-1",1
"CTGGGCCTGCTATATC-1",3
"CTGGGCTATCCTTTGG-1",1
"CTGGGTAGGCAGTTAA-1",3
"CTGGGTTGAGTTAAAG-1",3
"CTGGTAAAGACTTACA-1",5
"CTGGTAAAGTGTGGGC-1",3
"CTGGTAACACATAGAA-1",2
"CTGGTAACGAGCTCTT-1",1
"CTGGTCATTCCAATCC-1",2
"CTGGTCCTAACTTGGC-1",2
"CTGGTGAATGGGCCTA-1",5
"CTGGTTCAACGCATCA-1",2
"CTGGTTCGCGAGCTAC-1",2
"CTGGTTTCGAGCAAGA-1",3
"CTGTACTTCTTAGCAT-1",3
"CTGTAGCCATCTCACT-1",5
"CTGTAGTGAGGATCGA-1",4
"CTGTATGGTGTAGAAA-1",2
"CTGTCAAATGGCTCGG-1",2
"CTGTCACGCCAGGCGC-1",1
"CTGTGCAGGGTAGGTC-1",3
"CTGTGGTCGGGAGATA-1",5
"CTGTTACCCAATCTAG-1",5
"CTGTTCACTGCCTGTG-1",2
"CTGTTCATCTCACGGG-1",2
"CTGTTGTTCAGTCGTA-1",5
"CTTAAATAAGACCCAT-1",2
"CTTAACTTACAGTATA-1",5
"CTTAACTTCGAAGTAC-1",2
"CTTACACGGTATTCCA-1",3
"CTTACACTGGGAAATA-1",2
"CTTACATAGATTTCTT-1",4
"CTTAGATGTTTCATCC-1",4
"CTTAGCCCGGATAGTG-1",2
"CTTAGCCTTCCACATG-1",2
"CTTAGGTATAGACCAG-1",5
"CTTAGGTCCCAATCGT-1",1
"CTTAGTAGGCCTACAG-1",1
"CTTAGTGTAGTAGCAT-1",5
"CTTAGTTGAGGAATCG-1",4
"CTTATAGATGGCTGTT-1",3
"CTTATGCGCTCAGGGC-1",3
"CTTATGTTGACTACCA-1",2
"CTTCAACTCCACTTGG-1",5
"CTTCACGCCCTGGTAC-1",5
"CTTCAGTGGTCGCCTA-1",5
"CTTCAGTTGGACAACG-1",4
"CTTCATAGCTCAAGAA-1",2
"CTTCATTGTCAGTGGA-1",3
"CTTCCGCTCCGTGAAG-1",5
"CTTCCTGCATATTTAC-1",5
"CTTCGATTGCGCAAGC-1",5
"CTTCGGCCAATTGTTT-1",3
"CTTCGTAGATAGGTGA-1",3
"CTTCTATGTTGAAGTA-1",3
"CTTCTATTAATGCTAG-1",5
"CTTCTGGGCGTACCTA-1",5
"CTTCTTACGTCGTATA-1",2
"CTTGACCCGAAAGATA-1",2
"CTTGAGGTTATCCCGA-1",1
"CTTGAGTTAGGGTAAT-1",2
"CTTGATGACCATCCAG-1",5
"CTTGCAACCGCCTCCT-1",3
"CTTGCCCACCCACGCA-1",5
"CTTGCCCAGGCTCTAC-1",5
"CTTGGCCAAGCTGGGA-1",5
"CTTGTACTTGTTGACT-1",2
"CTTGTCAACATTCGAG-1",5
"CTTGTGAGTCTTTGAC-1",2
"CTTGTGCTCACCGATT-1",2
"CTTGTTGCTGAGTCAA-1",2
"CTTGTTTATGTAGCCA-1",2
"CTTTAACTTTCAAAGG-1",2
"CTTTAATATTGGTCGA-1",5
"CTTTACCGAATAGTAG-1",3
"CTTTAGGAACACTGTT-1",2
"CTTTAGTGCTATTATT-1",3
"CTTTCTGTGCGGGCTT-1",5
"CTTTGACGTCGCTTCT-1",2
"CTTTGCATCGCTCTTG-1",5
"CTTTGCTGTCATGGAT-1",2
"CTTTGGCAGACAGAGT-1",1
"CTTTGGCGCTTTATAC-1",3
"CTTTGGCTTTAGTAAA-1",3
"CTTTGGGATTGTTGCA-1",4
"CTTTGTCGAATGCTCC-1",3
"GAAACAGATGACCACC-1",2
"GAAACAGCCATGCAGT-1",2
"GAAACATAGGAAACAG-1",5
"GAAACCATGGTGCGCT-1",1
"GAAACCGAATTACCTT-1",5
"GAAACCTATACAAATG-1",5
"GAAACTCGTGCGATGC-1",2
"GAAACTCTAATGAAGG-1",2
"GAAAGAACAGCGTTAT-1",1
"GAAAGCAGTGCACTTT-1",5
"GAAAGCCCTTTGGACC-1",3
"GAAAGTGACTAACTGC-1",2
"GAAATACCTGCTGGCT-1",1
"GAAATACTAAACGTTT-1",2
"GAAATATCACCATCAG-1",3
"GAAATATGCTTGAATG-1",1
"GAAATCGCGCGCAACT-1",2
"GAAATGGCGGTGTTAG-1",2
"GAAATGGGATGTAAAC-1",2
"GAAATTAGCACGGATA-1",1
"GAAATTCACATCGCTG-1",2
"GAAATTGTCTCTATAA-1",3
"GAACAACTGGGATGAA-1",4
"GAACACACATCAACCA-1",2
"GAACAGATTACTAAAT-1",5
"GAACATTAGTATGTTA-1",1
"GAACCCTCTGTGTTCT-1",5
"GAACCTCGACCTACAC-1",3
"GAACCTTTAACGATCC-1",5
"GAACGACCGAATGATA-1",2
"GAACGATAAGTTAAAG-1",1
"GAACGCGGGTCACACG-1",2
"GAACGGTGTAAAGCAG-1",5
"GAACGTCTCATGGTCG-1",2
"GAACGTTAGGAAGACG-1",2
"GAACTGTGGAGAGACA-1",4
"GAACTTAGCGCCCGGT-1",1
"GAACTTGTGCACGGGA-1",1
"GAAGAAACGATATTGT-1",5
"GAAGAACGGTGCAGGT-1",2
"GAAGCCACTGATTATG-1",4
"GAAGCCGGGTAAGCTC-1",1
"GAAGCCTGCACATTCC-1",5
"GAAGCGTGAGGAATTT-1",3
"GAAGCTCGGACCCGTC-1",5
"GAAGCTTGCTGACCGC-1",3
"GAAGGAGTCGAGTGCG-1",4
"GAAGGCTACCATTGTT-1",1
"GAAGGGTCATTAAGAC-1",4
"GAAGTCAGTTGCACTA-1",5
"GAAGTCTCCCTAGCGA-1",2
"GAAGTGATTTATCGTG-1",3
"GAAGTGCTGGATAGCT-1",2
"GAAGTTTCCACTCAAT-1",3
"GAATAGACGCGACCCA-1",2
"GAATAGCATTTAGGGT-1",2
"GAATAGCCCTGCGGTC-1",1
"GAATAGTGCTCGATTA-1",5
"GAATATTCGGAGTCCC-1",2
"GAATCGACATGGTCAC-1",2
"GAATCGCCGGACACGG-1",2
"GAATCTGAACATTCTC-1",3
"GAATGAAGGTCTTCAG-1",1
"GAATGCCGAAATGACC-1",2
"GAATGCGAATCGGTTC-1",4
"GAATGGGCTTATCGAC-1",2
"GAATGTATGGCAGGTC-1",2
"GAATGTGGTCCGGATT-1",3
"GAATGTTGGGTAATCT-1",2
"GAATTATAGTGAAAGG-1",2
"GAATTCACCCGGGTGT-1",5
"GAATTTCTCGCTGCAG-1",2
"GACAAACATATGCAGG-1",2
"GACAACGACCATTGAA-1",2
"GACAACGCAGCTTACG-1",2
"GACAAGAGATGAGATT-1",3
"GACACAAGGGAAGAAA-1",2
"GACACAGCCGGGACTG-1",5
"GACACCCAAAGACGCG-1",4
"GACACGAGTTAGAGGA-1",2
"GACACTGAGTTCAGTG-1",5
"GACACTGGAACCCGAT-1",3
"GACACTTCCAATTACC-1",5
"GACAGATTTCTGGCTC-1",3
"GACAGCCAGACCTGAC-1",2
"GACAGGCACACACTAT-1",3
"GACATCCGTCGAACTG-1",4
"GACATCGATTTATAAC-1",5
"GACATTTCGCCCAGCC-1",5
"GACCAAACGTTGACTG-1",3
"GACCACACTTCCCTTT-1",4
"GACCAGAGCCCTGTAG-1",3
"GACCCAATTATGATAC-1",5
"GACCCGTCGCCGGCTA-1",2
"GACCGACGTGAAAGCA-1",1
"GACCGACTGAAGCGTC-1",3
"GACCGATTAAATATGT-1",5
"GACCGCGTCTGACGTG-1",3
"GACCGTCAGGTCGTGA-1",2
"GACCGTGCTGACGGTG-1",3
"GACCGTTACATGCGAC-1",2
"GACCTTCCACGTCTAC-1",4
"GACGACGATCCGCGTT-1",5
"GACGAGGCTAATAAAC-1",3
"GACGATATCACTGGGT-1",4
"GACGCATACCCGTCGG-1",3
"GACGCCGTAAAGGCTA-1",5
"GACGCCTGTTGCAGGG-1",2
"GACGCTTGCTTCTAAA-1",3
"GACGGGTTGGCCCGTA-1",5
"GACGGTCAATAGAAGC-1",1
"GACGGTCCTAGGGTGT-1",2
"GACGTGTAGGGATTAT-1",3
"GACGTTCGTAAATACA-1",1
"GACGTTGCTCGGCGGC-1",4
"GACTAACACAGCACCT-1",1
"GACTAAGATCATGCAC-1",2
"GACTAAGTAGGCTCAC-1",3
"GACTACAAAGCGGTGG-1",3
"GACTACAATTGCTCGT-1",2
"GACTAGGCCGTTAGGT-1",4
"GACTCACCCACGTGAG-1",1
"GACTCCCAGAATAAGG-1",1
"GACTCCTTCCAATTGA-1",3
"GACTCGCGGGAATGAC-1",1
"GACTCGGTCGGCGGAT-1",1
"GACTCTAGAGTTCCAA-1",4
"GACTGATTGGTCACAA-1",1
"GACTGCAAATCGAGCT-1",5
"GACTGCACCAGCCCAG-1",3
"GACTGCGGCACGTGTA-1",2
"GACTGCTGGTGAGAAA-1",4
"GACTGGGCGCCGCAAC-1",1
"GAGAACGGTTCTGACT-1",5
"GAGAATCTCACGATCA-1",2
"GAGACCCTGCAACGCC-1",1
"GAGACTGATGGGTAGA-1",2
"GAGACTTCGCGACCGA-1",5
"GAGAGCGCAGTCCCTG-1",2
"GAGAGGCCTATGTGTA-1",5
"GAGAGGGCGCGAGGTT-1",3
"GAGAGGTGCATTCTGG-1",3
"GAGAGTCTCGGGAGAG-1",4
"GAGATCTGCTTGGCAT-1",3
"GAGATCTGTCACTCCG-1",2
"GAGATCTTCCATGACA-1",3
"GAGATGACAATCCTTA-1",1
"GAGATGGCTTTAATCA-1",4
"GAGATGGGAGTCGACA-1",5
"GAGCACCTGTGTCCAG-1",5
"GAGCACGGCGCCTCTT-1",2
"GAGCATCAACAACTTG-1",5
"GAGCATCATCCCTGGG-1",2
"GAGCCACGGTAGTAGG-1",2
"GAGCCAGCTACCTGTG-1",3
"GAGCCGAGCGTTTATT-1",1
"GAGCGAGGGAGTACCG-1",2
"GAGCGCAAATACTCCG-1",3
"GAGCGCGCACGAGTAG-1",3
"GAGCGCTGTTAGGTAA-1",5
"GAGCGGAATGCGGTGT-1",4
"GAGCTAAGGGCATATC-1",2
"GAGCTCAACATGAGCG-1",4
"GAGCTCTCGGACCTAA-1",2
"GAGCTGTCGTCTCGGA-1",1
"GAGGAATATCTCTTTG-1",4
"GAGGAATGGAGAGGTT-1",2
"GAGGATAAACAGTGCT-1",1
"GAGGCATTTGCAGCAG-1",1
"GAGGCCCGACTCCGCA-1",5
"GAGGCCTGTTGATACA-1",5
"GAGGCTATCAAAGTCG-1",3
"GAGGGAGTCAGATCGC-1",4
"GAGGGCATCGCGTATC-1",2
"GAGGGCCATAATATTA-1",1
"GAGGGCCGGCAGAGTC-1",1
"GAGGGCGCAGCTCTGC-1",2
"GAGGGTAGTAACAAAG-1",5
"GAGGTACATCCATCTT-1",2
"GAGGTACGCGTGTCCC-1",4
"GAGGTCCCAAAGATCT-1",2
"GAGTAAACCGGAAAGT-1",2
"GAGTAAGGCCACGGGA-1",3
"GAGTACGGGTATACAA-1",2
"GAGTAGATACTAGTTG-1",4
"GAGTATACCCTAATCA-1",5
"GAGTATCAAAGTTACA-1",3
"GAGTATGCCCGCCTTG-1",5
"GAGTATGCGCGTGCAT-1",5
"GAGTCAGACCAGAATC-1",5
"GAGTCCGCTTACCGGA-1",5
"GAGTCGACAGACCCTC-1",2
"GAGTGCACGGACAACA-1",1
"GAGTGTCAACCAGAAA-1",5
"GAGTGTGCGGTACCCA-1",3
"GAGTTGATGGCAATTT-1",3
"GAGTTGTCACCAGTCT-1",3
"GATAAATCGGTGGATG-1",2
"GATAACTCGCACTGTG-1",2
"GATAAGGCAGATGCAA-1",2
"GATACCGTGTCGGAGT-1",1
"GATACGATGGGAGTCA-1",5
"GATAGAACCCGCTAGG-1",4
"GATAGGTAACGTTGAC-1",5
"GATAGGTGTCCCGGGC-1",1
"GATAGTGCGAGTAAGT-1",4
"GATATCTCATGCAATA-1",2
"GATATGAGACACTAAC-1",2
"GATATGCGGTAGCCAA-1",2
"GATATGGATTACGCGG-1",2
"GATATTGAGATTGGCG-1",1
"GATATTTCCTACATGG-1",2
"GATCAACATAAAGGGA-1",5
"GATCATTCCAAACATT-1",2
"GATCCCTTTATACTGC-1",2
"GATCCGAATATAAGTG-1",1
"GATCCGGGAATTAACA-1",3
"GATCCTAAATCGGGAC-1",2
"GATCCTCGACACTGGC-1",5
"GATCCTCTTGCGCTTA-1",1
"GATCGACACTATCTGA-1",2
"GATCGCGGGCTCTCCA-1",3
"GATCGCTACCCGATTT-1",3
"GATCGCTATATCTCAG-1",5
"GATCGCTGTGGTGCGT-1",5
"GATCGGATAGAACCAT-1",3
"GATCGGCGATAAGTCG-1",2
"GATCGGTGGCCATAAC-1",2
"GATCGTGACTGATATC-1",2
"GATCTCGACGCTGTGG-1",2
"GATCTGCTATCTAAGG-1",5
"GATCTTGGAGGGCATA-1",3
"GATCTTTGCAGGGTAT-1",3
"GATCTTTGCTCAAAGA-1",1
"GATGACAAGTAGGGCA-1",5
"GATGACGATGATCGCG-1",1
"GATGAGGAACCTTCGG-1",4
"GATGCCAGCAGAAGGC-1",2
"GATGCCTTCTGCGGCA-1",5
"GATGCGAATGGTATTA-1",2
"GATGCGTCCTGCATTC-1",3
"GATGCTACAAGCGCCT-1",2
"GATGCTACCTTCGATG-1",4
"GATGCTGTATTTCATC-1",3
"GATGGCGCACACATTA-1",2
"GATGGTGAAATAACCC-1",1
"GATGGTGCCCTAGGCA-1",2
"GATGTAACGAACCACC-1",3
"GATGTCGGTCAACTGC-1",2
"GATGTGTTGTCACAAG-1",1
"GATGTTCAATCCACGA-1",3
"GATGTTTGTGCGAGAT-1",2
"GATTAACCGAAAGCCC-1",5
"GATTACTGAATTTGGG-1",3
"GATTAGAAACAAGCGT-1",4
"GATTCCCTTGTCGCAG-1",2
"GATTCCGCGTTTCCGT-1",2
"GATTCCTATACGGCGC-1",2
"GATTCGACGGTTCACG-1",3
"GATTCTGTTAATGAGT-1",4
"GATTGCTCCAGTTGCA-1",5
"GATTGGGAAAGGTTGT-1",4
"GATTTAGTGCGTACTG-1",1
"GATTTGCGCTAACACC-1",4
"GCAAACCCTACATTAT-1",3
"GCAAACCTTGGCCATA-1",5
"GCAAACGTCGCCAGGT-1",2
"GCAAAGGGCGTTAGCC-1",5
"GCAAATATTACGCTTT-1",3
"GCAAATGAGGACACTT-1",2
"GCAACACACTAGAACT-1",3
"GCAACAGCAGTATGCG-1",2
"GCAACCACCAGACCGG-1",2
"GCAACCACGGCCGCGT-1",3
"GCAACCCAAGTTGTTT-1",1
"GCAACGGCTAGTTATG-1",1
"GCAAGAATTCCTTGGC-1",3
"GCAAGATGTGTTCGCG-1",1
"GCAAGTGCACAGAGAA-1",2
"GCAAGTGTAAAGCATG-1",4
"GCAATTAGTCGCACCG-1",1
"GCACAAACCCTAGATG-1",5
"GCACAAACGAGGCGTG-1",2
"GCACAACCTCGGGCGT-1",3
"GCACAAGTGTCGGAAG-1",2
"GCACACACTGGTAGCC-1",5
"GCACACAGCTATTACC-1",4
"GCACACGCCCATGGTC-1",2
"GCACAGCACGGGCCGA-1",4
"GCACCTTCCCGAAGGT-1",3
"GCACGCCGATTCCCGC-1",4
"GCACGCCTACTTAGAT-1",5
"GCACGTGGTTTACTTA-1",5
"GCACTAGTCGCGCTAT-1",2
"GCACTGCCTACCTTTA-1",4
"GCACTGTGCAAATGTA-1",2
"GCAGAAACGTAATCCA-1",1
"GCAGAAGGTAATCTCC-1",2
"GCAGACCCAGCACGTA-1",2
"GCAGATCCATAAGACT-1",3
"GCAGATCCTCGCAAAT-1",2
"GCAGATTAGGGATATC-1",3
"GCAGCACACAGCCCAG-1",3
"GCAGCCTATATCACAT-1",1
"GCAGCTATGGACAGGT-1",1
"GCAGCTGTCAACGCAT-1",4
"GCAGGAACTTAGATCT-1",3
"GCAGGACTATAGAATA-1",3
"GCAGGTAGAGTATGGT-1",2
"GCAGTGCGGGCGGATG-1",2
"GCAGTGTGGCTATAGG-1",5
"GCAGTTCGATCCGAGC-1",3
"GCATAAATTGAACGCC-1",1
"GCATACGAGGTCTTTA-1",3
"GCATAGAGCACTCAGG-1",3
"GCATCCCTAACTTTGA-1",2
"GCATCGGCCGTGTAGG-1",3
"GCATGAGGGACGCGGC-1",2
"GCATGCTAATAACGAT-1",5
"GCATTCAAGGCAACGC-1",1
"GCATTCGAAATGAACA-1",2
"GCATTGTAATTCATAT-1",3
"GCATTTCCAAGGCTCC-1",1
"GCCAACCATTTCCGGA-1",1
"GCCAAGAATACTTCTG-1",3
"GCCAATAGGGCATCTC-1",1
"GCCACAATTTAAGGAC-1",3
"GCCACTCAGAGCGCGA-1",5
"GCCACTCCTTACGGTA-1",3
"GCCAGGAAAGAACACT-1",4
"GCCAGGAGTAACCGAT-1",2
"GCCAGGCGTTCGCATG-1",2
"GCCATATTGCACACAG-1",2
"GCCATCGAGCTGCGTG-1",5
"GCCATCGATGCTGCAT-1",1
"GCCATTAGCCTCAAAC-1",3
"GCCCACCAAGGCTGTC-1",2
"GCCCACTGGTCCACAA-1",1
"GCCCAGATGCTGGAGA-1",1
"GCCCAGTTGGTATGCC-1",2
"GCCCGACTTCTTCCCG-1",3
"GCCCGAGAGTCTAAAT-1",3
"GCCCGATCTGTGGTCG-1",5
"GCCCGATGCCCAGTTC-1",5
"GCCCGCGCGTAAACGG-1",5
"GCCCGCGCGTTTGACA-1",2
"GCCCGTAATACCTTCT-1",2
"GCCCTAGCCGTCGCGA-1",5
"GCCCTGAGGATGGGCT-1",4
"GCCGAAATTCCTACGT-1",3
"GCCGACCCACGACTGC-1",5
"GCCGATTGGCCAAGCT-1",3
"GCCGCACTCCGTTTCA-1",2
"GCCGCATTAGTCCGGC-1",3
"GCCGCTTGTGAGAAAC-1",3
"GCCGGGTTAGGGTCGC-1",3
"GCCGGTCGTATCTCTC-1",4
"GCCGTCGGTTTCGGGC-1",4
"GCCGTGGAAGAAATGT-1",1
"GCCTACGTTCTGTGCA-1",4
"GCCTAGCGATCTGACC-1",2
"GCCTATAGTGTCAGGG-1",2
"GCCTATCAGGTAAGAT-1",3
"GCCTATGCTGGGCCTT-1",1
"GCCTATTCCGATATAG-1",2
"GCCTATTTGCTACACA-1",2
"GCCTCAGGTACCGGTC-1",5
"GCCTCATCTGGAAATA-1",2
"GCCTCCGACAATTCAC-1",5
"GCCTCTATACATAGCA-1",5
"GCCTGCTACACTGAGA-1",1
"GCCTGTCCCGGTGCAT-1",4
"GCCTTCAGCCCTACCG-1",2
"GCCTTGTATATGCAGT-1",2
"GCCTTTGTCAGTGGAC-1",3
"GCGAAACGATCGGGAG-1",3
"GCGAAACTTAACTGGA-1",3
"GCGAAGAATCTGACGG-1",5
"GCGAAGCCATACCCGT-1",2
"GCGAATGGACTAGCGA-1",4
"GCGACATGTAAACATC-1",1
"GCGACCCAACCATCTG-1",5
"GCGACGATAGTTGTAC-1",5
"GCGACGGTAGTCTCCT-1",4
"GCGAGAAACGGGAGTT-1",1
"GCGAGAGGCCATGTAA-1",1
"GCGAGAGTTGCGTCCA-1",1
"GCGAGCGCATGCTCCC-1",1
"GCGAGGCCCGAGCAGA-1",3
"GCGAGTTCTGCAAAGA-1",2
"GCGATTCTGGAAGCAG-1",2
"GCGATTGTTAACGTTA-1",2
"GCGCAAATATATTCAA-1",5
"GCGCAAGAGCGCGCTG-1",2
"GCGCATCCAGTCAGCA-1",2
"GCGCCGTTCCACGATA-1",3
"GCGCCTCCCACTCCGA-1",2
"GCGCGGTCTAGTAACT-1",4
"GCGCGTCATTGGTACA-1",5
"GCGCTAATTGAATAGA-1",2
"GCGCTATGCCGAGGCA-1",3
"GCGCTCGATCACCTGT-1",2
"GCGCTGATCCAGACTC-1",2
"GCGCTGCTTTGCATTT-1",2
"GCGCTTAAATAATTGG-1",5
"GCGGACCGCGTTGTGG-1",5
"GCGGAGAAACTTCGCA-1",5
"GCGGAGAGGGAGAACG-1",3
"GCGGCAAAGTATTGCC-1",5
"GCGGCTCTGACGTACC-1",3
"GCGGCTTTAGCAAGTT-1",4
"GCGGGAACCAGGCCCT-1",2
"GCGGGCATTACGATGC-1",1
"GCGGGCGAGCCTTACC-1",5
"GCGGTCCCGGTGAAGG-1",1
"GCGGTCCCTAGACGCA-1",2
"GCGGTCTTGCTTTCAC-1",4
"GCGGTGAACTGCGCTC-1",2
"GCGGTTCCCTATCATG-1",5
"GCGTAAATGGCCATAA-1",1
"GCGTCCCTAAGACATA-1",4
"GCGTCGAAATGTCGGT-1",2
"GCGTCGCCAGGGTGAT-1",5
"GCGTCGTAACATGGTC-1",4
"GCGTCTAACCTCCTAA-1",1
"GCGTCTCTGCATTGGG-1",3
"GCGTGGTACTGGGTTA-1",2
"GCGTTATATTTGGAAC-1",2
"GCGTTCGGAGACCGGG-1",1
"GCTAAACCTGAGGTGA-1",2
"GCTAACTGAAGTCTGA-1",5
"GCTAAGTAAAGGCGAT-1",2
"GCTAAGTAGTTTCTCT-1",2
"GCTAATACCGAATGCC-1",2
"GCTACAATCGAGGATA-1",5
"GCTACAGTACGGACCG-1",3
"GCTACGACTTATTGGG-1",3
"GCTACTATAGTAGAGT-1",3
"GCTAGACCGTCTACTG-1",2
"GCTAGAGTAGAGATGT-1",3
"GCTAGCACCTGGGCCA-1",1
"GCTAGCAGGGAGTGGG-1",1
"GCTAGCGATAGGTCTT-1",5
"GCTAGCTTGAATAGCT-1",5
"GCTAGGCACCACGGAG-1",5
"GCTAGTAGAGCTTGTA-1",3
"GCTAGTTTCATTGAGG-1",2
"GCTATACGTCTCGGAC-1",3
"GCTATCATACTCATGG-1",5
"GCTATCGCGGCGCAAC-1",2
"GCTCAATCCGTTTATT-1",5
"GCTCAATGTAATACCG-1",4
"GCTCATTACTGCATGT-1",2
"GCTCATTGATCATATC-1",4
"GCTCCATGAGTGCAGA-1",2
"GCTCCATGCAAAGCAA-1",4
"GCTCCCAGTCGGTCCA-1",2
"GCTCCGCTCGCTTCAG-1",1
"GCTCCGGACGTTGATA-1",3
"GCTCCTGACATACTGG-1",5
"GCTCGCGGTTCCGCTC-1",2
"GCTCGCTCATGTCCAA-1",2
"GCTCGGAATTTAAAGC-1",2
"GCTCTAAACCCTGACG-1",2
"GCTCTATGTTACGTGC-1",2
"GCTCTCGGGTACCGAA-1",2
"GCTCTTTCCGCTAGTG-1",4
"GCTGAACTCTCCAGGG-1",1
"GCTGAATCTTCCAATC-1",5
"GCTGAGGCGTGAGTAT-1",3
"GCTGCACGGTTTCTTA-1",3
"GCTGCGAAGAATTATT-1",4
"GCTGCTAAGTAGTCGA-1",5
"GCTGCTACTGCGTAGC-1",5
"GCTGCTCTCCGGACAC-1",2
"GCTGGACCCAAAGTGG-1",1
"GCTGGCAGGTGCCGTG-1",1
"GCTGGCATATTCACCT-1",3
"GCTGGCGGCGCATGCT-1",5
"GCTGGGAGCGCGTCAA-1",4
"GCTGGTGACTCGTAGT-1",1
"GCTGGTTTAGGCCATA-1",5
"GCTGTATTACTGGCCC-1",5
"GCTGTTGCTACCGAAC-1",2
"GCTTAATGTAACTAAC-1",2
"GCTTACGTAGTTAGTA-1",1
"GCTTAGGGAAGCGGTA-1",1
"GCTTATGAAGCAGGAA-1",2
"GCTTCAGTGGGATTAC-1",1
"GCTTCCGTCCCTAGAC-1",2
"GCTTCGACGTTCAATC-1",5
"GCTTGATGATAATCAG-1",2
"GCTTGCAGCACAATTG-1",1
"GCTTGGATCGATTAGG-1",1
"GCTTTACACAACTGGG-1",5
"GCTTTCAGAGGAGGTG-1",2
"GCTTTCTATCTCAACT-1",1
"GGAAACCTTGTTGAAT-1",1
"GGAAACTAAATGGGCC-1",5
"GGAAAGGGAATTGAGC-1",4
"GGAAAGTCTTGATTGT-1",4
"GGAAAGTGCCCATGCC-1",2
"GGAACCCGAACAAGAA-1",2
"GGAACCGTGTAAATTG-1",5
"GGAACCTTGACTCTGC-1",5
"GGAACGGCCTGCAGCC-1",2
"GGAACTTTGGCGATTA-1",3
"GGAAGATAAGACTGTA-1",1
"GGAAGCTCGCTTACAG-1",2
"GGAAGGACACCGTATA-1",4
"GGAATGCGCTAGCGTG-1",2
"GGACAACCATGAAGCC-1",5
"GGACAAGTTGCAGTGA-1",2
"GGACACAAGTTTACAC-1",2
"GGACCAACAGGATAAC-1",5
"GGACCTACGGTAACGT-1",1
"GGACCTCTAGGCCGCC-1",5
"GGACGGCTTGCGCAAC-1",1
"GGACGGGCGACCAACC-1",5
"GGACGTCCATAGTTGG-1",1
"GGACTAAGTCAGGAGT-1",2
"GGACTCACAAATTAGG-1",2
"GGACTCGAAGCTTTCA-1",3
"GGACTCGACAGCGCAT-1",4
"GGACTCGTGAGTGGTC-1",5
"GGACTCTTCCGGTTGA-1",3
"GGACTCTTTGACTAAG-1",4
"GGAGAAGTCATTGGCA-1",2
"GGAGACCAATGTGCTT-1",1
"GGAGACCATCTACATA-1",3
"GGAGACGACACCTTTG-1",3
"GGAGCAACATTTCAAG-1",3
"GGAGCACCAAGAACTA-1",2
"GGAGCGAGGCCTACTT-1",4
"GGAGGATTGAAAGGAG-1",2
"GGAGGCCGAAGTCGTC-1",2
"GGAGGGCTTGGTTGGC-1",2
"GGAGGGTCAAGTAAGA-1",3
"GGAGTGCCGCCCTGGA-1",2
"GGAGTTGATTCTGTGT-1",5
"GGATACTCATGAATTG-1",2
"GGATCAGAGCCATCAG-1",2
"GGATCATCCCGTACGC-1",1
"GGATCCGGAATATACT-1",2
"GGATCTTACTGCCCTT-1",5
"GGATCTTGACTCAACC-1",3
"GGATGAAGATCGCTGA-1",2
"GGATGACGCGAGTTTA-1",3
"GGATGCTGGCGTTCCT-1",3
"GGATGGCTTGAAGTAT-1",5
"GGATGTCCTTACCGCA-1",2
"GGATTAAGCTAAGGTC-1",1
"GGATTAATCATGGACC-1",4
"GGATTCAGTACGGTGG-1",2
"GGATTCCGCTATACCC-1",2
"GGATTGCTGTGACTCC-1",5
"GGATTTCACTTCTATA-1",2
"GGCAAAGGCGCCAATA-1",5
"GGCAAATTACTTTACT-1",3
"GGCAAGCCAGGGATAG-1",1
"GGCAAGCCCATAGTGG-1",4
"GGCAAGGCGAAATAGC-1",3
"GGCAATAGTCAATGAG-1",2
"GGCACTCAGCCGACCC-1",3
"GGCACTCCACTGGGCA-1",3
"GGCACTGCGGTGGTTT-1",5
"GGCAGAGAGATCGGGA-1",1
"GGCAGCAAACCTATGC-1",3
"GGCAGCGGTAATCCTA-1",1
"GGCATACAGGTAGCGG-1",3
"GGCATATCGGTTCTGC-1",2
"GGCATTGAACATCTCA-1",4
"GGCCCAATCTAGAGGG-1",1
"GGCCCAGCTGGTTTGC-1",4
"GGCCCAGTTATCAGCA-1",1
"GGCCCGGAGCATGTCT-1",1
"GGCCCGTATACCATGC-1",1
"GGCCCTCACCCACTTA-1",3
"GGCCGAGACTCTGGTG-1",5
"GGCCGCAGGAACCGCA-1",5
"GGCCGGCGTCTGCTAT-1",4
"GGCCGTTTGGGTTTCA-1",5
"GGCCTGCTCTGATGTT-1",4
"GGCCTGCTTCTCCCGA-1",3
"GGCCTTTGCAACTGGC-1",2
"GGCGAAATCTAACTTG-1",3
"GGCGAACCGTTCTGAT-1",1
"GGCGAGCGAAACGGCA-1",3
"GGCGCAGGACATCTTC-1",3
"GGCGCATGAATTGATG-1",3
"GGCGCGGAGATCTTTC-1",5
"GGCGCGTTCGAGTTTA-1",5
"GGCGCTCCTCATCAAT-1",2
"GGCGCTTCATTCCCTG-1",4
"GGCGGAGTAATATTAG-1",3
"GGCGGTAGGATCATTG-1",2
"GGCGGTTTGCCGGTGC-1",1
"GGCGTAGGGAAAGCTG-1",5
"GGCGTCCTATCCGCTG-1",3
"GGCTAAAGGGCGGGTC-1",1
"GGCTAATGATTGAAAT-1",1
"GGCTACTATACACTCC-1",4
"GGCTATTAAGTTGTAT-1",3
"GGCTCCTCCACCTGTT-1",5
"GGCTCGCGTTGAGGTA-1",2
"GGCTCGTGCCACCAGC-1",2
"GGCTCTGCTCCAACGC-1",2
"GGCTGAAATAGCAAAG-1",3
"GGCTGAGCATCGTAAG-1",1
"GGCTGGCTAGCTTAAA-1",2
"GGCTTGGCTCTCACCT-1",1
"GGCTTTCAATAAGGGT-1",5
"GGGAAAGAATGCCAAC-1",5
"GGGAACGGGAGGTTAG-1",3
"GGGAACGGTTTCAGAT-1",5
"GGGAAGACGGTCTGTC-1",4
"GGGAAGGGCTTTCTCA-1",5
"GGGAATGAGCCCTCAC-1",1
"GGGAATTCTGTCCAGT-1",2
"GGGACAGAGTTACTCC-1",5
"GGGACCCGTATATCTT-1",5
"GGGACTGCATAGATAG-1",2
"GGGAGAACTCACAGTA-1",2
"GGGAGCGACCGTAGTG-1",4
"GGGAGGATGCCCGAAA-1",3
"GGGAGTAATGGCTGGC-1",2
"GGGAGTTAATGAGGCG-1",2
"GGGATATTGATCGCCA-1",1
"GGGATCCCAATACAAA-1",1
"GGGATGGTCGTAACCG-1",5
"GGGATTTACCGCACCT-1",2
"GGGCAACCGCACGTGC-1",5
"GGGCACGAATTGGCCG-1",1
"GGGCACGTAGTACTGT-1",4
"GGGCAGAGCAATCGTT-1",5
"GGGCAGTCAACGCCAA-1",4
"GGGCATGCATGTCGAG-1",4
"GGGCCATTCGTGCTGG-1",2
"GGGCCCGTCTTAAACA-1",3
"GGGCCCTACGAAAGGG-1",3
"GGGCCCTTATCTATAC-1",2
"GGGCCGGCCGAAGTAC-1",2
"GGGCCTAAATGGGCTA-1",3
"GGGCCTATTTAAGTAT-1",1
"GGGCGATATGTGTGAA-1",2
"GGGCGCAGCGTTACTC-1",1
"GGGCGGCAAATGAATT-1",5
"GGGCGGGTTCCCTACG-1",3
"GGGCGGTCCTATTGTC-1",2
"GGGCGTACATTTATAT-1",2
"GGGCGTCACCACGTAA-1",5
"GGGCGTCCACTGGCTC-1",2
"GGGCGTGGTTTCCCAG-1",5
"GGGCGTTTACATTCAT-1",5
"GGGCTACTATTTCGTG-1",3
"GGGCTATGATCGATGG-1",5
"GGGCTCATCGAACCCA-1",2
"GGGCTGCCTAGGGCGA-1",2
"GGGCTGGTTAGTCGCG-1",3
"GGGTACCCACGGTCCT-1",2
"GGGTACTTCATGAACT-1",3
"GGGTATGTATGCACTT-1",3
"GGGTATTCTAGCAAAC-1",5
"GGGTCACCGTGACGGT-1",3
"GGGTCACGTGCTTATG-1",3
"GGGTCAGGAGCTAGAT-1",4
"GGGTCATGCGTACCAT-1",2
"GGGTCCTTGGAAGAAG-1",3
"GGGTCGTGGCAAGTGT-1",1
"GGGTCTATCGCTTTCC-1",5
"GGGTGACACCTTAACT-1",5
"GGGTGCATATGAAAGC-1",1
"GGGTGGTCCAGCCTGT-1",2
"GGGTGTTTCAGCTATG-1",2
"GGGTTAACATTTGAGT-1",5
"GGGTTCAGACGAACAA-1",2
"GGGTTTAGGATAGGAT-1",2
"GGTAAACTCTGCGCTG-1",5
"GGTAAATGTGCGTTAC-1",2
"GGTAACCGGGAGGATA-1",5
"GGTAACTATGTATCTG-1",2
"GGTACAAACATGCTAT-1",3
"GGTACACCAGATTTAT-1",1
"GGTACATCTGGGACGA-1",3
"GGTACCATTAAGACGG-1",1
"GGTACGTTGCGGCCGG-1",5
"GGTACTAAGTGCTTTG-1",2
"GGTAGAAGACCGCCTG-1",5
"GGTAGACCGTTGGGCG-1",5
"GGTAGGCCAATATCAC-1",4
"GGTAGTGCTCGCACCA-1",2
"GGTATAGTGACACATA-1",1
"GGTATGAAAGAACTGA-1",1
"GGTATTGCCGAGTTTA-1",3
"GGTCAAGACTACTTCG-1",3
"GGTCAGTGGGTCCCAC-1",5
"GGTCATTGTAGTCATA-1",1
"GGTCCACGTCTATTTG-1",5
"GGTCCCATAACATAGA-1",3
"GGTCCTTCATACGACT-1",1
"GGTCGGATAAACGGCG-1",2
"GGTCGGCCAGGAGCTT-1",2
"GGTCGGTAATTAGACA-1",2
"GGTCGGTCGTCCACAG-1",5
"GGTCGTAAGCTCGCAC-1",3
"GGTCTCCGTCCAGGTT-1",5
"GGTCTCTGAATGGACT-1",5
"GGTCTGAGAATCTGGA-1",2
"GGTCTTGAGCGCTCTT-1",4
"GGTGAACGGGCTAGCC-1",2
"GGTGAAGTACAGGGAT-1",5
"GGTGAGATGCAGATAA-1",2
"GGTGATAAGGAGCAGT-1",2
"GGTGATGAAGGAAGTG-1",1
"GGTGATTTCATCTTGT-1",2
"GGTGCAGAGCCTATCG-1",1
"GGTGCATAAATGATTA-1",4
"GGTGCGGATAAGTGGC-1",2
"GGTGCTGATCACAAAG-1",2
"GGTGCTGGTACACATT-1",3
"GGTGGACCACGTGTTA-1",1
"GGTGGACTGCTCTGGC-1",5
"GGTGGAGGTTGATACG-1",2
"GGTGTAAATCGATTGT-1",4
"GGTGTAGGTAAGTAAA-1",4
"GGTGTTGGGCGTCTTA-1",2
"GGTTACCACCCTCGGG-1",3
"GGTTACCCGACACTTT-1",1
"GGTTACCGCTCCCTAC-1",4
"GGTTAGCTATATGTCT-1",3
"GGTTAGGCTTGGAGAA-1",3
"GGTTAGTTACGGCGCC-1",2
"GGTTCCCTAGTGTCTC-1",1
"GGTTCGGATTATACTA-1",2
"GGTTCTACTCGTCTGA-1",1
"GGTTGTGCTCTTGTCC-1",2
"GGTTGTGTAGCCTGGC-1",2
"GGTTTAATTACCATCG-1",5
"GGTTTAATTGAGCAGG-1",1
"GGTTTACAATCTCAAT-1",2
"GGTTTAGCCTTTCTTG-1",2
"GGTTTCAATCGGTCAG-1",2
"GGTTTGACAAGAAGCT-1",1
"GGTTTGAGTGCTGGAA-1",2
"GGTTTGCGAACACGTA-1",1
"GGTTTGTGACCTGAGG-1",5
"GTAACAACTGACCTTG-1",1
"GTAACATCTAAGATAA-1",3
"GTAACTACGTAGACCT-1",5
"GTAACTGCCCAAGGAG-1",4
"GTAACTTGCGGCAGTC-1",2
"GTAAGCGGGCAGTCAG-1",2
"GTAAGGATTTGTCGGA-1",2
"GTAAGTAACAGTCTGG-1",2
"GTAAGTAGGGTATACC-1",3
"GTAAGTCCACACTCTA-1",2
"GTAATAAAGGGCTCCC-1",1
"GTAATCTGATTCTTCG-1",5
"GTACACTTACCTGAAG-1",3
"GTACAGAGGCAAGGGT-1",2
"GTACGACGGCGCTGCG-1",2
"GTACGAGATTGCGACA-1",2
"GTACGCTTCATTGCAC-1",3
"GTACGTCACGTATTAA-1",1
"GTACGTTTGCCCGTCA-1",3
"GTACTAAGATTTGGAG-1",2
"GTACTCCCTTATCGCT-1",3
"GTACTCCTGGGTATGC-1",1
"GTACTGAGGTCGTAAC-1",2
"GTACTGCATGAAGCGT-1",2
"GTACTGGAGTTAGACC-1",2
"GTACTTGGGCACTTCT-1",2
"GTAGAAACGGGTGGAG-1",2
"GTAGACAACCGATGAA-1",2
"GTAGACACGCCTGACT-1",4
"GTAGACGTCGTTACAT-1",2
"GTAGAGGGAGACAAGT-1",5
"GTAGCCAAACATGGGA-1",5
"GTAGCGGCTATACACT-1",3
"GTAGCTCCGGGAGGCT-1",5
"GTAGCTTCCTCTTGTT-1",2
"GTAGGTGATCCGTGTA-1",2
"GTAGTCGCGGGAATCA-1",3
"GTAGTCTACGATATTG-1",5
"GTAGTGAGCAACCTCA-1",5
"GTAGTTCGAAGGCGAA-1",4
"GTAGTTTAAGCACACG-1",5
"GTATAATCTCCCGGAT-1",1
"GTATAGGACTCAGTAG-1",2
"GTATCAAACGTTAGCT-1",3
"GTATCAAGGTACTTCC-1",4
"GTATCAGCTTGGGTTC-1",2
"GTATCCTTTGGTAACC-1",5
"GTATCTCAGTCTTGAC-1",5
"GTATCTCGGGCGCTTT-1",5
"GTATCTTTCATAACCA-1",3
"GTATGAAATTTCACTC-1",5
"GTATGTGGGTCTAGTT-1",2
"GTATTAAGGCGTCTAA-1",2
"GTATTAGGGTTCGCGT-1",1
"GTATTCTGAGAAACGA-1",5
"GTATTTAATGGCATAA-1",2
"GTCAAAGAAGTGGTGT-1",5
"GTCAAAGTTTACATAG-1",2
"GTCAACCAGGCCTATA-1",5
"GTCAAGCGGACTCGGG-1",2
"GTCAATGCTATAATTT-1",1
"GTCACAAAGTTTCCAA-1",2
"GTCACTCTCCAAATCT-1",2
"GTCAGAATAGTCTATG-1",3
"GTCAGTTGTGCTCGTT-1",2
"GTCAGTTTGGTAGTCG-1",2
"GTCATCTCCTACAGCT-1",1
"GTCATGCACCTCCGTT-1",2
"GTCATGCGCGAGGGCT-1",5
"GTCATGGACATGACTA-1",2
"GTCATTAGAGCGAACG-1",3
"GTCATTGCATTGACCC-1",3
"GTCCAATATTTAGCCT-1",4
"GTCCACGTCGCATTCG-1",5
"GTCCAGGCACGTGTGC-1",4
"GTCCATTACTGCTACG-1",2
"GTCCCAACGTAAAGTA-1",2
"GTCCCGCGACGTTATG-1",5
"GTCCGAGAGCAATCAT-1",2
"GTCCGGACCTGAAATT-1",5
"GTCCGGCTGAATTGCG-1",2
"GTCCGGGTTCACATTA-1",4
"GTCCTACAGGCGGCTC-1",2
"GTCCTACGAATAGTCT-1",3
"GTCCTACTCTACGGGC-1",3
"GTCCTATTGTTGTGGT-1",2
"GTCCTTCTACAACCCA-1",2
"GTCCTTCTAGTGGGTT-1",2
"GTCCTTTAATGACTTC-1",1
"GTCGAATTTGGGCGCT-1",5
"GTCGATAGGTGACTTT-1",1
"GTCGCCGTTGTGTGTT-1",5
"GTCGCGTAACCCGTTG-1",2
"GTCGGAAGGATACCAG-1",1
"GTCGGATATCTCAGAC-1",3
"GTCGGATGTAGCGCGC-1",2
"GTCGGGAACATGGTAG-1",2
"GTCGGGAAGCAGAAAC-1",5
"GTCGTACCATCTCGGG-1",3
"GTCGTACCTACGATTG-1",3
"GTCGTATTGGCGTACA-1",2
"GTCGTCAATTATAAGG-1",2
"GTCGTCTGGTTGGCTA-1",1
"GTCGTGTCTGGTCATC-1",1
"GTCGTTATTCGCTTAT-1",3
"GTCTACTCAATTACAA-1",3
"GTCTAGTGAGCCGCTT-1",5
"GTCTATACACGCATGG-1",4
"GTCTATCTGAGTTTCT-1",3
"GTCTATTGCATGCTCG-1",5
"GTCTATTGGTTCCGGT-1",3
"GTCTCAAGGCCCGGCT-1",5
"GTCTCCCGAGTCCCGT-1",5
"GTCTCCGCCTCAATAC-1",4
"GTCTCCTGCCAGTATG-1",5
"GTCTCGACTAAGTTTG-1",1
"GTCTCGATCTGCTTTC-1",2
"GTCTGCCGACTCGACG-1",4
"GTCTGGGCGGTCGAGA-1",5
"GTCTGTAGGTTGAACA-1",4
"GTCTTAGTACAGCCGG-1",2
"GTCTTCCTCACCTAAG-1",1
"GTCTTGAGGAGCAGTG-1",1
"GTCTTGTAGCTATTCA-1",2
"GTGAAACGGCGCCACC-1",2
"GTGAAACGTGCTCCAC-1",2
"GTGAACTCCCATTCGA-1",1
"GTGAAGATTTCAAGTG-1",1
"GTGAAGCCGTATAGTC-1",1
"GTGAAGTCACGACTCG-1",3
"GTGACAGCTTCCCACT-1",4
"GTGACCGCACACTACG-1",2
"GTGACCTAAAGAATAA-1",1
"GTGACGAGGGTGACCC-1",1
"GTGACGCAGGTTTCAT-1",4
"GTGACTTCAGTAGTGC-1",5
"GTGAGATAACCTTATA-1",4
"GTGAGCGTGCTGCACT-1",3
"GTGAGGACACTTAAGG-1",3
"GTGAGGAGCGGTTGAG-1",2
"GTGAGTCGACTAATAG-1",5
"GTGAGTCTAAGACGGA-1",2
"GTGAGTGGTACAACGC-1",5
"GTGATCAAGCGTGCAC-1",5
"GTGATCACTAACGCCT-1",3
"GTGATCATAGATCTGC-1",5
"GTGATCCTTGTCATGA-1",5
"GTGATGCACAACATCT-1",2
"GTGATTCGCCGCTCAA-1",5
"GTGCAACAAATGTGGC-1",2
"GTGCACCAGCTTCAAC-1",4
"GTGCACGAAAGTGACT-1",2
"GTGCAGCGTAGAGTAG-1",3
"GTGCCAAACGTTTCGA-1",5
"GTGCCATCACACGGTG-1",3
"GTGCCCGTTCGGATTC-1",2
"GTGCCGCTTCAAAGGT-1",5
"GTGCCTAGCTATGCTT-1",1
"GTGCCTCAGTGTACGG-1",2
"GTGCCTGAGACCAAAC-1",5
"GTGCGAAATCGAACAC-1",5
"GTGCGACAGGGAGTGT-1",2
"GTGCGGGTCTCCAAAT-1",2
"GTGCGTGTATATGAGC-1",2
"GTGCTCAAGTACTGTC-1",3
"GTGCTGCAGATAAGGA-1",2
"GTGCTTACATCAGCGC-1",2
"GTGGAACCTACATGCG-1",2
"GTGGACCAACCCGATT-1",3
"GTGGACGCATTTGTCC-1",5
"GTGGACGTGCTGAGAC-1",2
"GTGGAGCATGTCGGCC-1",1
"GTGGAGCGTTTACCGA-1",5
"GTGGAGTCGGCGGTTG-1",5
"GTGGCAAACAGCGGCA-1",3
"GTGGCCGGTTTCTCGG-1",3
"GTGGCCTAATATCATT-1",1
"GTGGCGGTCCCAGCGT-1",3
"GTGGCGTGCACCAGAG-1",3
"GTGGCTGTTTCTGTTC-1",5
"GTGGGAACAAACCGGG-1",4
"GTGGGAAGACTGAATC-1",3
"GTGGGCTTAGACACAC-1",2
"GTGGTATAGTCTGCCG-1",5
"GTGGTCAGCGAAGTAT-1",1
"GTGGTGGCCAAGTGAA-1",3
"GTGGTTACTTCTTTCG-1",1
"GTGGTTTCCGCCTTTC-1",3
"GTGTACCTTGGCTACG-1",2
"GTGTATATCAGCGGGC-1",5
"GTGTCAGTGTACGTGG-1",4
"GTGTCGTATAGCGTTC-1",5
"GTGTCGTATTCACCTT-1",1
"GTGTGAATAACTTAGG-1",2
"GTGTTACTATGCGTCC-1",3
"GTTAAAGTAGGACTGG-1",3
"GTTAACATCACTTAAA-1",5
"GTTAACTATGTTGTCA-1",2
"GTTAAGGGTGCGATGT-1",5
"GTTAAGTTAGAGTGGG-1",1
"GTTAATGTCTATCTTA-1",2
"GTTACAATTGGTGACG-1",3
"GTTACCAAGGCGTACG-1",3
"GTTACCTACAACTTGC-1",3
"GTTACTTTGGGCCTAG-1",3
"GTTAGAGTGTGCCGCT-1",2
"GTTAGCCCATGACATC-1",4
"GTTAGCCGTAAATCAA-1",1
"GTTAGGCTACCCGTTT-1",3
"GTTATAATACGGTGAA-1",3
"GTTATATCAGGAGCCA-1",1
"GTTATATTATCTCCCT-1",5
"GTTATCAAGCTATCGA-1",5
"GTTATTAACGTGGGAG-1",2
"GTTCACAGGAGTCTAG-1",3
"GTTCAGTCGCCAAATG-1",4
"GTTCATCGTTTGGCTG-1",1
"GTTCCAGTCTGACCAT-1",2
"GTTCCCGTAAACATAT-1",3
"GTTCCGTCCGCCTGCA-1",4
"GTTCGACAATTGTATA-1",5
"GTTCGCCATAAGTGCC-1",3
"GTTCGCTGAGACGTCT-1",3
"GTTCGGAGCACTCAAC-1",5
"GTTCGGATCGGGAACA-1",2
"GTTCGGGCGTACCATT-1",1
"GTTCGTCTAAAGAACT-1",3
"GTTCGTCTGGGTCCCT-1",1
"GTTCTTCCCTCGATGT-1",2
"GTTCTTGTAACTCAAT-1",4
"GTTGAACCGGTTCCAT-1",3
"GTTGAGTCCCGCCGGT-1",5
"GTTGCACGGAGTTTCG-1",2
"GTTGCCCTAACGGGTG-1",5
"GTTGCGCTAACATTAC-1",2
"GTTGCGGACGGTCAGG-1",2
"GTTGGACCGCATCAGG-1",1
"GTTGGATTCAGTGGCT-1",1
"GTTGGATTGAGAACAC-1",2
"GTTGGATTTGCGTTGG-1",3
"GTTGGTCATGCTATCC-1",5
"GTTGTAGATTTATGAG-1",4
"GTTGTCGTGTTAGTTG-1",2
"GTTGTTACATTGCGCT-1",1
"GTTGTTGCAAGATGGC-1",3
"GTTTACGTTCCATCTG-1",5
"GTTTATGGGATTTAGA-1",2
"GTTTCAAACGAGTTGT-1",5
"GTTTCATATCGTCGCT-1",3
"GTTTCCTGGAGGGTGA-1",2
"GTTTCTAGAGGCGCGG-1",5
"GTTTCTGCAGTCTCCC-1",3
"GTTTGACCAAATCCTA-1",2
"GTTTGGCCCAAGTTAT-1",3
"GTTTGGCCGCTCAGCG-1",2
"GTTTGGGCTTGTGAGC-1",5
"GTTTGGGTTTCGCCCG-1",5
"GTTTGGTAGGGTCAAC-1",5
"GTTTGGTGATCGGTGC-1",4
"TAAACCCAGGAGGGCA-1",5
"TAAAGACAACCCTTTA-1",2
"TAAAGAGCCCGAAACC-1",2
"TAAAGCGGTATTTCCA-1",4
"TAAAGCGTTAGGAGAA-1",2
"TAAAGCTGCAATAGGG-1",1
"TAAAGTGCACGTCTCG-1",4
"TAAATCTTTACACCTC-1",1
"TAAATGAATCCGTTTC-1",2
"TAAATGCCGTCTCATG-1",1
"TAAATTGTGGGTAAAG-1",4
"TAAATTTAGTAACACC-1",4
"TAACAAAGGGAGAAGC-1",2
"TAACAATATTTGTTGC-1",2
"TAACAGCGTTTGTGCT-1",5
"TAACAGGTTCCCTTAG-1",4
"TAACATACAATGTGGG-1",2
"TAACATACACGCGATC-1",5
"TAACCGCCCGCAGTGC-1",2
"TAACCTACCGTCCGAG-1",1
"TAACCTAGGGAGTCCA-1",5
"TAACGCTTTGAGAGCG-1",2
"TAACTATCGAAGGTCC-1",2
"TAACTATTACGCCAAA-1",1
"TAACTCATCCGCGCGG-1",3
"TAACTCCATGGAGGCT-1",2
"TAACTGAAATACGCCT-1",2
"TAAGAGGGACAGGGAC-1",5
"TAAGCAGGCGACACGC-1",3
"TAAGCCCTTACGACCA-1",1
"TAAGCGCGAATCAAAT-1",5
"TAAGGAACTTGTGGGA-1",2
"TAAGGCAACATAAGAT-1",2
"TAAGGCATAACATCAA-1",5
"TAAGGCCCGTCACCCT-1",5
"TAAGGCTGAATCCCTC-1",2
"TAAGGGCCTGTCCGAT-1",5
"TAAGGGCTGGGAGAGG-1",3
"TAAGTAACATCTTGAC-1",5
"TAAGTCGCCGAGTATC-1",5
"TAAGTGAATAGTCTAC-1",5
"TAAGTTGCGACGTAGG-1",3
"TAATAAACAAGGAGAT-1",2
"TAATACACAGTAGTAT-1",2
"TAATACTAGAACAGAC-1",4
"TAATAGAACAGAGTTA-1",5
"TAATAGCTAAATGATG-1",1
"TAATAGGTCACCAGAA-1",5
"TAATAGTGACGACCAG-1",2
"TAATATTGAAATTCGC-1",2
"TAATCAACCAAATGGG-1",2
"TAATCGATCCGTACGT-1",2
"TAATGAAAGACCCTTG-1",2
"TAATGTCGGTTCATGG-1",5
"TAATTACGTCAGTAGA-1",5
"TAATTAGATGGATATG-1",2
"TAATTAGGACATCCGT-1",2
"TAATTCCAATGCTTCA-1",3
"TAATTGGAATCGGGAA-1",1
"TAATTTCCGTCCAGTA-1",1
"TACAACGCACAACTCA-1",3
"TACAAGGGCTTCTTTA-1",5
"TACAAGTCTCGTGCAT-1",3
"TACACAGCCGTGGTGC-1",4
"TACACCGTCGTTAGTC-1",1
"TACACCTCTTCGAATC-1",4
"TACAGAAACGGTGGGC-1",5
"TACATAGGCATACACC-1",3
"TACATCCCTATCCCTG-1",3
"TACATGACCTTATCCG-1",2
"TACATGCCGGAATTGT-1",3
"TACATTTCTAACGTGC-1",3
"TACCAAATAGCCCAGA-1",5
"TACCAATAAAGTACCA-1",5
"TACCAGAAGTAGGTTC-1",5
"TACCAGCTAGGTTTAA-1",2
"TACCAGGAATCCCGTC-1",4
"TACCGAATAATTGTAA-1",5
"TACCGCGGACTTGCAG-1",1
"TACCGGCTCACTGCCC-1",3
"TACCGGTCGTTTCCAT-1",3
"TACCGTAGGTTAACTA-1",5
"TACCGTGCCTCGGACC-1",5
"TACCTACTCCCAGTAT-1",5
"TACCTATCCCTAGAGG-1",2
"TACCTCACGCTTGTAC-1",2
"TACCTCAGTTGTCTGT-1",5
"TACCTCCACACCAATG-1",5
"TACCTGCTGCACTGTG-1",2
"TACCTTAAGATTTCCC-1",5
"TACGAACACGACTTCA-1",2
"TACGACGCTTGCTGCG-1",5
"TACGACTGCCTCTTAG-1",3
"TACGAGAACTTCACGT-1",3
"TACGATCCAAGCCACT-1",5
"TACGATGTTGATCATC-1",3
"TACGCAGTTCTTTCCT-1",3
"TACGCCATATTCTAAT-1",3
"TACGCCGAGGGTACCC-1",5
"TACGCCGCCTCAGAAG-1",2
"TACGCCTCCATTCCGA-1",5
"TACGCTATAGAAACCT-1",1
"TACGCTCCTAGAACTG-1",4
"TACGCTCGGTATTGGA-1",3
"TACGCTGATAGTTGTA-1",3
"TACGCTGCTGTGTTAA-1",5
"TACGGAAGCCAAACCA-1",4
"TACGGCATGGACGCTA-1",5
"TACGGGATGCTAGCAG-1",2
"TACGGGTAATAACATA-1",4
"TACGTAAAGCGGAGTG-1",5
"TACGTACTAGTGCTGA-1",4
"TACGTGCACTATGCTG-1",2
"TACGTGGGCCCAGGGC-1",4
"TACGTTTACCGGCAAT-1",3
"TACTACGTGCAATGCG-1",4
"TACTATGGTTCCTCAG-1",5
"TACTCCTCTAGTTGAC-1",5
"TACTCGGCACGCCGGG-1",3
"TACTCGTTTGAATCAA-1",4
"TACTCTCCGAACAAAT-1",2
"TACTCTTACTTTACTG-1",3
"TACTCTTTCGTCTTCA-1",5
"TACTGAACAGATTTAG-1",5
"TACTGAGGGAAGAAAG-1",3
"TACTGCAATCAATTAC-1",1
"TACTGGACAGCTCGGC-1",3
"TACTGTTTCTCTGGTA-1",2
"TACTTAAACATGTACA-1",5
"TACTTGTTAGTAGTCC-1",2
"TACTTTACTGAGCCGG-1",1
"TACTTTCCGCACGCCA-1",3
"TAGAAACCACTAAGTA-1",1
"TAGAAAGGTGGCGCTA-1",2
"TAGAAATTCACGTATA-1",2
"TAGAATAGCCGATGAA-1",5
"TAGAATTAAGGGCAAC-1",2
"TAGACGAAACGCCAAT-1",5
"TAGACGCCCGTACCGG-1",2
"TAGACTACCTAGCGTT-1",1
"TAGACTCAGTTGGCCT-1",5
"TAGAGATCATGCAACT-1",3
"TAGAGCTACGAAGAAC-1",2
"TAGAGGGAGTTTATCT-1",4
"TAGAGGTTCTACTTGT-1",3
"TAGAGTCTAAGCGAAC-1",2
"TAGATATGGACTGGAA-1",5
"TAGATCCGAAGTCGCA-1",2
"TAGATGGTTCCTTACT-1",5
"TAGATTCAAAGTGCGG-1",4
"TAGATTCCTGGTTATT-1",3
"TAGCAACCTGTCACAA-1",2
"TAGCAGATACTTAGGG-1",4
"TAGCAGTATGACTAAA-1",5
"TAGCCATTTCAAAGTC-1",2
"TAGCCGGCGGTCAGCG-1",2
"TAGCGTCCCTCGATTG-1",2
"TAGCGTCCGGTGTGGT-1",5
"TAGCGTCGAATATTGA-1",1
"TAGCGTTGGGTCTTAC-1",3
"TAGCTAAGTCCGGGAG-1",2
"TAGCTAGAAGGCATGA-1",5
"TAGCTAGTGATGATGG-1",5
"TAGCTCAGATCCTAGT-1",1
"TAGCTCGCCTGATAAC-1",5
"TAGCTGATGTGAAGCG-1",3
"TAGGCATGTTACGCCA-1",2
"TAGGCCTATATAGTCT-1",5
"TAGGCGATGAGGTCTC-1",3
"TAGGCGGCTGCAAAGA-1",5
"TAGGCTAAAGTGGCAC-1",5
"TAGGGAGCTTGGGATG-1",2
"TAGGGTGTTTCAAGAG-1",2
"TAGGTCCAAGTAAGGA-1",2
"TAGGTCGCCGGAACTG-1",1
"TAGGTGACGATAACCT-1",5
"TAGGTGAGCCCTACTC-1",3
"TAGGTGCTCGCCTAGC-1",2
"TAGGTGTTCCACAGAT-1",5
"TAGGTTCGAGTTCGTC-1",2
"TAGGTTCTGCTGAGAA-1",4
"TAGTACCACAACTTTC-1",5
"TAGTACCTTAGTGGTC-1",2
"TAGTAGCTTATACCAG-1",4
"TAGTCCCGGAGACCAC-1",4
"TAGTCCGCAGAGAATG-1",3
"TAGTCCGTATGCATAA-1",1
"TAGTCCTGCACTAAGC-1",5
"TAGTCGATCACGGGTT-1",3
"TAGTCTAACAACGAGA-1",3
"TAGTCTGCGGCACATT-1",4
"TAGTCTGTGACGTTGC-1",1
"TAGTCTTTCCGAATTG-1",2
"TAGTGCCCTCCAGAGT-1",2
"TAGTGTCAGAAACGGC-1",2
"TAGTTAAGATAGGATA-1",2
"TAGTTTATTCTTGCTT-1",2
"TATAAATCCACAAGCT-1",2
"TATAAGTGAGGATAGC-1",2
"TATACACAGACGCCTT-1",5
"TATACACGCAAAGTAT-1",2
"TATACCGAGTGCCACA-1",2
"TATACGCGTCATCACT-1",5
"TATACTCATGCGGCAA-1",2
"TATAGAGTCGCTTGAA-1",4
"TATAGATGGTCGCAGT-1",2
"TATAGCGCACGTTATC-1",3
"TATAGGGTACTCATGA-1",3
"TATAGTTAGGTGTACT-1",5
"TATATAGGGCTTTACG-1",5
"TATATATCGAGAAATG-1",5
"TATATCAAAGTGATCT-1",4
"TATATCATTGATCAGT-1",2
"TATATCCCTGGGAGGA-1",2
"TATATGCTGGGTTGCC-1",2
"TATATTACAAATGTCG-1",1
"TATATTCGCGTCGATA-1",2
"TATCAAAGGTCTGTAA-1",2
"TATCACCATGTAAAGT-1",1
"TATCACCCAACCGACC-1",1
"TATCACTTCGAGTAAC-1",1
"TATCAGTGGCGTAGTC-1",3
"TATCCAATTGGTTATC-1",5
"TATCCATATCATGCGA-1",2
"TATCCATCTCGGTTAG-1",5
"TATCCGCACCGTCGGG-1",5
"TATCCTATCAACTGGT-1",4
"TATCCTGCATGGGAAT-1",2
"TATCGATCTATGCATA-1",2
"TATCGATGATTAAACG-1",2
"TATCTACAGAGGTAAT-1",2
"TATCTACCACAGCGGG-1",3
"TATCTAGCCTAAAGGA-1",2
"TATCTGAGCCGATATT-1",3
"TATCTTGCAATACAAC-1",5
"TATGAAGAATTAAGGT-1",5
"TATGAAGACAGGTGCG-1",2
"TATGATAAATCTAACG-1",1
"TATGATCCGGCACGCC-1",1
"TATGATCTTCTCTTTA-1",5
"TATGCTCCCTACTTAC-1",2
"TATGGATGTGCTACGC-1",2
"TATGGCCCGGCCTCGC-1",3
"TATGGCTAGGCTAATT-1",1
"TATGGGACCGAGCAGG-1",3
"TATGGGTACGTATCGT-1",3
"TATGGTCTGAGTAACA-1",3
"TATGGTTAGTGGGAGA-1",2
"TATGTAAAGTGCTTAA-1",4
"TATGTAGAAACCCGGC-1",3
"TATGTCAAGACCGACT-1",2
"TATGTCTCATTGTGCC-1",2
"TATTAACACCAAAGCA-1",3
"TATTAACCTGACCGCG-1",5
"TATTACCATCCTGCTT-1",2
"TATTATGTTTGCCTGC-1",5
"TATTCAATTCTAATCC-1",2
"TATTCCACTCAGCTCG-1",5
"TATTCCGAGCTGTTAT-1",5
"TATTCCTCCGCCCACT-1",5
"TATTCGTGCCAGAATA-1",2
"TATTGACATTTCTGCC-1",1
"TATTGCCGGGCTTGTA-1",5
"TATTTAGTCTAGATCG-1",2
"TATTTATACCGAGTAG-1",2
"TATTTGATTTGCACAG-1",3
"TATTTGTTACCCTTTA-1",2
"TCAAACAACCGCGTCG-1",2
"TCAAACTTAGATTGTT-1",2
"TCAAAGAGCTATCTGT-1",3
"TCAAAGTCACGGCGTC-1",5
"TCAAATTGTTGTGCCG-1",4
"TCAAATTTGAGACTCA-1",5
"TCAACAAAGATAATTC-1",5
"TCAACACATTGGGTAA-1",2
"TCAACATAGCGCCCTA-1",5
"TCAACATCGACCGAGA-1",3
"TCAACCATGTTCGGGC-1",2
"TCAACGAGGAGACAAA-1",3
"TCAACGCAGGAAATAA-1",5
"TCAACGCGACCGGCAG-1",3
"TCAACTAACGTATAAC-1",3
"TCAACTGCAGAGTCAG-1",3
"TCAAGAAATACTAGCT-1",1
"TCAAGCGCGGACGGTA-1",3
"TCAAGCTGCCTTGAAA-1",1
"TCAAGGTTACTACACC-1",3
"TCAATACAATTGCTGC-1",1
"TCAATACGCCGTCATG-1",4
"TCAATATACAGGAGGC-1",5
"TCAATCCCGCGCCAAA-1",3
"TCACAAACCGAGGTAC-1",5
"TCACAGCAAACTCGAA-1",5
"TCACAGGAGAATAAGA-1",5
"TCACAGGGAATCGCAA-1",3
"TCACAGGTTATTGGGC-1",3
"TCACATCTTATCTGAT-1",2
"TCACCCTCTTAAGATT-1",5
"TCACCGCTCGGCACTC-1",2
"TCACGATGTCCGTGGA-1",5
"TCACGCATTGTAGATC-1",3
"TCACGGCCCAAGAGAG-1",5
"TCACGGTCATCGCACA-1",2
"TCACGTGCCCGATTCA-1",3
"TCACTACGACCAATGC-1",2
"TCACTATCCCTTCGGT-1",5
"TCACTCGTGCAACGGC-1",2
"TCAGAACCTCCACAGG-1",1
"TCAGAACGGCGGTAAT-1",4
"TCAGACGCTATAGAAG-1",3
"TCAGATGGAGACGTAG-1",1
"TCAGCAAATGCATCTC-1",2
"TCAGCAGTAGGCCCTG-1",5
"TCAGCCAATCCGTAAA-1",5
"TCAGCGCACGCCGTTT-1",4
"TCAGGGCGACTTCCTT-1",1
"TCAGGGCGCAAACTCG-1",2
"TCAGGGTGCACGAAAC-1",1
"TCAGGGTGTAACGTAA-1",2
"TCAGGTTCTTTGAGAA-1",3
"TCAGTACTGACCCGCG-1",2
"TCAGTAGGGACTATAA-1",5
"TCAGTGTATACGTCAT-1",5
"TCATAAGTCCAAGAAG-1",3
"TCATACTTACAGATCC-1",2
"TCATATGAGCTTTGTT-1",4
"TCATCACTCGAGCTCG-1",2
"TCATCCCAGAGGGTGG-1",2
"TCATCCTCAGCTGCTT-1",5
"TCATCGACGACCGTCG-1",4
"TCATCGATGGTCCCAA-1",5
"TCATGCAGGTTCTCAT-1",2
"TCATTCGTATAATTTG-1",1
"TCATTTAAGTCTCCGA-1",2
"TCATTTAGAAGTGTGA-1",3
"TCCAACTCAGCTATCT-1",5
"TCCAACTTTAAATTCT-1",3
"TCCAAGCCTAGACACA-1",4
"TCCAATAAAGGCTACC-1",4
"TCCACAATGGTTTACG-1",2
"TCCACATCGTATATTG-1",4
"TCCACCAAGACATAGG-1",5
"TCCACCTCTAGCCTTT-1",5
"TCCACTTTATCTAGGT-1",2
"TCCAGAGCACCGGTTC-1",3
"TCCAGATGTACGCCAA-1",1
"TCCAGCGCTATAAGCG-1",3
"TCCAGGCAGGACGATC-1",4
"TCCAGGCGAGTACGGT-1",3
"TCCAGGGTATATACGA-1",5
"TCCATCAATACTAATC-1",5
"TCCATTCCCACTAGAG-1",1
"TCCATTGTGACCTCGT-1",2
"TCCCAAACAGACAACG-1",1
"TCCCAAAGACGAAGGA-1",2
"TCCCAAAGCCCTAAAT-1",1
"TCCCACTCTCTTCCGG-1",1
"TCCCAGCACACGACAT-1",3
"TCCCAGCTTTAGTCTG-1",3
"TCCCAGGCTTAGCTAA-1",3
"TCCCGCCTATGTGCGT-1",1
"TCCCGCGTACTCCTGG-1",2
"TCCCGGGTGTGCTGCT-1",3
"TCCCGGTCAGGAATTT-1",2
"TCCCGTCAGTCCCGCA-1",2
"TCCCGTCGCGTCATAG-1",1
"TCCCGTGTGCAATTTG-1",3
"TCCCTAGATCAATAGG-1",1
"TCCCTCTTCTCAAGGG-1",5
"TCCCTGGCGTATTAAC-1",5
"TCCCTGGCTCGCTGGA-1",3
"TCCCTTAGATTACTCG-1",2
"TCCCTTGTCTGAAACT-1",5
"TCCGAACGTTGCCGCT-1",2
"TCCGAACTTGGCTTAC-1",3
"TCCGAAGTAGTCACCA-1",1
"TCCGAATGGTCCTGAG-1",1
"TCCGACCGCTAATCAA-1",4
"TCCGATAATTGCCATA-1",2
"TCCGATGACTGAGCTC-1",2
"TCCGATGGTGCGACAT-1",2
"TCCGATTACATTGCCG-1",3
"TCCGCCTGTCTACAAG-1",5
"TCCGCGGCAGCATCTG-1",2
"TCCGCGGCCCAATGAA-1",3
"TCCGCTGTCATCCCGG-1",3
"TCCGCTTATCCCATTA-1",5
"TCCGGAGGAAGGGCTG-1",1
"TCCGGCCTAGCGTACA-1",1
"TCCGGGCTTGACGGGA-1",5
"TCCGGTTCGTCCGGTC-1",5
"TCCGTAACCACAATCC-1",2
"TCCGTTAAGCTAATAT-1",3
"TCCGTTTAGCCTTGAA-1",2
"TCCTAAAGATTCAGAC-1",4
"TCCTAAATTGGGAAGC-1",5
"TCCTAACCGTCGGGCA-1",4
"TCCTACATCCACGGCC-1",3
"TCCTAGCAAAGAAGCT-1",3
"TCCTATCATAGGTAAC-1",2
"TCCTCCTAAGACATTC-1",3
"TCCTCGGGCTGGGCTT-1",3
"TCCTCTACGAGATGGC-1",2
"TCCTCTCCAGTTGTCC-1",2
"TCCTCTGGCCCATTAG-1",2
"TCCTGCCAACTGGAGA-1",2
"TCCTGCGTTGATACTC-1",3
"TCCTGGCGCTGCCTGG-1",1
"TCCTTACGACGGTCCG-1",3
"TCCTTCAGTGGTCGAA-1",2
"TCCTTGTCCTTTAATT-1",4
"TCCTTTAAATCCGCTT-1",5
"TCCTTTCTTACGCTTA-1",2
"TCGAAATTTAGGACCA-1",3
"TCGAAGAACCGAGCAC-1",2
"TCGAATATCCCGCAGG-1",5
"TCGAATCGCAGGGTAG-1",4
"TCGACAACTGAACCCG-1",5
"TCGACATAGCGTAGCG-1",5
"TCGAGACCAACACCGT-1",3
"TCGAGCCAGGCAGGCC-1",5
"TCGAGGGCAACAGACG-1",3
"TCGATAGGCTAGTCGC-1",2
"TCGCAAAGATGCATTT-1",3
"TCGCACCAGGAGGCAG-1",3
"TCGCATAAAGGGCGCA-1",5
"TCGCATCCCTAAGTGT-1",2
"TCGCATTCAATGACTT-1",2
"TCGCCACCCGGATTAC-1",5
"TCGCCCAACTGACTCC-1",1
"TCGCCCACTGCGAGAG-1",1
"TCGCCGAAGTTGCGTC-1",3
"TCGCCGACATATTCGC-1",5
"TCGCCGGATGGGCAAG-1",2
"TCGCCGGTCGATCCGT-1",2
"TCGCGCGTTTACATGA-1",2
"TCGCGTAGCAGTGTCC-1",3
"TCGCGTCCAGAAGGTC-1",3
"TCGCTAAACCGCTATC-1",2
"TCGCTACTGGCTTTGA-1",4
"TCGCTCGATATATTCC-1",2
"TCGCTCGGCACCAGCG-1",1
"TCGCTGCCAATGCTGT-1",4
"TCGCTGGGCGGATTGT-1",2
"TCGCTGTGCGTAAATC-1",2
"TCGCTTAATTACGAAG-1",1
"TCGCTTTAAACGTTTG-1",2
"TCGGAATGACCATCAA-1",1
"TCGGAATGCGCTCTGA-1",3
"TCGGACGCCCAGCCCA-1",2
"TCGGAGAGTATCGGGA-1",3
"TCGGAGTACATGAGTA-1",2
"TCGGCAGGGTTAAGGG-1",3
"TCGGCGAACCCAAACC-1",3
"TCGGCGTACTGCACAA-1",3
"TCGGCTTGTATCGACG-1",5
"TCGGGAACGTGCCTAG-1",1
"TCGGGAGACAGCGTAC-1",5
"TCGGGATTCAAACATA-1",3
"TCGGGCCGTCGTGGTA-1",2
"TCGGGTGAAACTGCTA-1",2
"TCGGTCCCGACAATAG-1",5
"TCGGTCCCTGACTCCA-1",2
"TCGGTGACCGCTCCGG-1",1
"TCGGTTAGCCATGTAG-1",1
"TCGTAACTCCCAAGAC-1",5
"TCGTAAGACGACATTG-1",2
"TCGTAAGCTCCGAGGA-1",1
"TCGTACCGACGTCAAG-1",4
"TCGTATAGTGCAATTA-1",2
"TCGTATTACCCATTGC-1",3
"TCGTATTTCGTCCGGA-1",1
"TCGTCAAGTACGCGCA-1",5
"TCGTCACACTGTTAGC-1",2
"TCGTCCGCTGGCGTCT-1",2
"TCGTCCGGGTACACTC-1",1
"TCGTCTTAGGCGTTAA-1",5
"TCGTGTACTATGGATG-1",3
"TCGTGTATTGGTCACG-1",3
"TCGTGTCACGCTGACA-1",3
"TCGTGTTCGACCACAA-1",3
"TCGTTAGGAGTCCCTA-1",5
"TCGTTCGTTATTATGT-1",2
"TCGTTGACAGGGTCCC-1",1
"TCGTTGCTATCCGGTC-1",5
"TCGTTGGCTCGTCAAT-1",2
"TCGTTTACGCGACCCT-1",5
"TCTAAAGAACAGTCTC-1",3
"TCTAACTGTATGTAAA-1",2
"TCTAATACTGCCTCAG-1",5
"TCTACACGTTCATGCA-1",1
"TCTACCCAATAGAGAG-1",3
"TCTACCGTCCACAAGC-1",2
"TCTACGGGCTCAGTTG-1",1
"TCTAGCAATCTCCGCC-1",3
"TCTAGCATCTTCGATG-1",2
"TCTAGCATGCCCAGAA-1",5
"TCTAGGTGGCGACGCT-1",1
"TCTAGTGATATCGTGG-1",2
"TCTAGTTATCAGAAGA-1",3
"TCTATAGGTGGGTAAT-1",5
"TCTATCATGCAGTTAC-1",2
"TCTATCCGATTGCACA-1",4
"TCTATCGGTCGCAACA-1",2
"TCTATGCTATAACGAC-1",5
"TCTATTACGCTGGCGA-1",2
"TCTATTACTAGAGGAT-1",3
"TCTCAAATCAATCGGG-1",4
"TCTCATGAGATAGGGT-1",3
"TCTCCAACGTAGGTTA-1",2
"TCTCCACAAGTTGAAT-1",5
"TCTCCCTGGGCAGCGT-1",5
"TCTCGAACGAGGTCAC-1",2
"TCTCGACGTATCGCCG-1",2
"TCTCGAGGAGGTTCGC-1",3
"TCTCGGCTCCAGGACT-1",2
"TCTCTAATAGCTGGTA-1",2
"TCTCTCGCCGCACATA-1",3
"TCTCTTACCGCGAACC-1",4
"TCTGAACCGGTCGGCT-1",2
"TCTGAACTCGTACCCG-1",3
"TCTGAAGCACGTGGTC-1",5
"TCTGAATTCCGTACAA-1",2
"TCTGACGGGCTAACCC-1",1
"TCTGAGCAATTGACTG-1",3
"TCTGATCGGGTGCTAG-1",1
"TCTGATGTATTCTGTC-1",3
"TCTGATTGGAAATGGA-1",1
"TCTGCACCATTAGTAA-1",1
"TCTGCAGATTCGAGTC-1",2
"TCTGCATACCTTGCTT-1",5
"TCTGCCAGAAACTGCA-1",3
"TCTGCGAATCGTTCGC-1",1
"TCTGCGTCCGGTTTCT-1",2
"TCTGGCCGTTCAAGTT-1",1
"TCTGGCGCAAGCCGGG-1",2
"TCTGGGAACCTTTGAA-1",2
"TCTGGGTAGCGCTCAT-1",3
"TCTGTCATACAAGAGC-1",2
"TCTGTGATGGAGGTTG-1",1
"TCTGTGCCATCATAGT-1",2
"TCTGTTACCCAGCATA-1",5
"TCTTACAGAGGTACCG-1",2
"TCTTACCGGAACTCGT-1",2
"TCTTACGGCATCCGAC-1",2
"TCTTACTTATGCCTCT-1",3
"TCTTAGAGCTCCAATT-1",2
"TCTTAGAGTGAACTCT-1",2
"TCTTCCCATGGGCACA-1",1
"TCTTCGAATAGACGTT-1",3
"TCTTCGATACCAATAA-1",2
"TCTTCGCGGTGAGAGG-1",3
"TCTTCTATAACCCGCC-1",2
"TCTTGATGCGTAGCGA-1",2
"TCTTGCTCCCGATACT-1",4
"TCTTGGTAACACCAAA-1",2
"TCTTGGTCAATGATAC-1",5
"TCTTTAAGACTATGAA-1",1
"TCTTTAGAGTCTAACA-1",2
"TCTTTAGCAGGCGAAC-1",1
"TCTTTCCTTCGAGATA-1",3
"TCTTTCTCTTAAGGAG-1",1
"TGAAACTTATGCAAGC-1",2
"TGAAAGGACCTGACTC-1",2
"TGAACAAGCAGGGACT-1",4
"TGAACTGCTATGACTT-1",1
"TGAATACCGACGCGTA-1",4
"TGAATATGCTATAAAC-1",1
"TGAATGAGATACAGCA-1",1
"TGAATGAGTGTTTCCC-1",4
"TGAATGTCAGCCGGCC-1",2
"TGACACTTCTCTTTGC-1",1
"TGACAGGACAAGTCCA-1",3
"TGACATATATGACGAT-1",1
"TGACATCGAGCGGACC-1",1
"TGACATGTAACGTGAC-1",4
"TGACCAAATCTTAAAC-1",4
"TGACCAGCTTCAAAGT-1",1
"TGACCCACGTTAGACA-1",3
"TGACCCAGCATTCCCG-1",5
"TGACGAATATTTCCCT-1",3
"TGACGATGCACTAGAA-1",2
"TGACTATAATCCTTTC-1",3
"TGACTCCGAATCATAC-1",5
"TGACTCTAACTGGTAA-1",3
"TGAGAATGCTTTACCG-1",2
"TGAGACGTACCTCTCA-1",2
"TGAGAGATTTACCACG-1",2
"TGAGATCAAATACTCA-1",2
"TGAGATTAGGCCCTAA-1",2
"TGAGCCATACAGTCTC-1",3
"TGAGCGGAAAGTGTTC-1",5
"TGAGCTCAACTGTATA-1",3
"TGAGCTTTAATGACGC-1",2
"TGAGGAGTGCCAGCTT-1",5
"TGAGGCATGTACTGTG-1",3
"TGAGGTGTGTGGCGGA-1",4
"TGAGTAAATTAGCGTA-1",5
"TGAGTGCCTCTTAAAT-1",3
"TGAGTGGTCCGTGACG-1",2
"TGAGTTAAAGACATTC-1",2
"TGATACATTTAGCCGT-1",5
"TGATAGCGGGATTCTA-1",2
"TGATCACCACACTGAC-1",4
"TGATCAGGGAACTGCT-1",3
"TGATCCCAGCATTAGT-1",1
"TGATCGGTTTGACCCT-1",2
"TGATCTACGCTGATCT-1",1
"TGATCTATCACACTCT-1",4
"TGATCTCCGGCGCCAG-1",2
"TGATGGCTGTTTCTGA-1",1
"TGATGTCAATTAAGTG-1",5
"TGATTATGGCACGCAG-1",1
"TGATTCAGGTCCCGCG-1",3
"TGATTCCCGGTTACCT-1",4
"TGATTCGTCTATCACT-1",3
"TGATTCTGTCGCCGGT-1",5
"TGATTTATTAGCTGTG-1",3
"TGATTTCCTCCTGACG-1",2
"TGCAAAGTTCGTCTGT-1",4
"TGCAACCCATCTGCGG-1",5
"TGCAACTACTGGTTGA-1",5
"TGCAAGAATGACGTAA-1",2
"TGCAATCTAACACGGT-1",5
"TGCAATTTGGGCACGG-1",1
"TGCACAGTGAAGTTAT-1",1
"TGCACGAGTCGGCAGC-1",2
"TGCACTATGTGAGTGC-1",1
"TGCAGAACTATATCGT-1",3
"TGCAGAGTACCGAGCA-1",3
"TGCAGATCGTCCTAGG-1",3
"TGCAGCTACGTACTTC-1",3
"TGCAGGATCGGCAAAG-1",2
"TGCAGTGAGGCTCGGG-1",1
"TGCAGTGGTAGGGAAC-1",5
"TGCAGTTTCCTCCCAT-1",2
"TGCATATGTCTGTCAC-1",2
"TGCATGGATCGGATCT-1",2
"TGCATGGCAGTCTTGC-1",3
"TGCATGTGACCCATAG-1",4
"TGCATGTGGTAATCTA-1",2
"TGCCAAAGTCAGACTT-1",3
"TGCCAATGGGTACTCT-1",5
"TGCCACCTGGCGAAAC-1",2
"TGCCAGTACGTGGAGA-1",5
"TGCCATTACTAAAGAA-1",2
"TGCCCGATAGTTAGAA-1",4
"TGCCCGTACCGTTAAA-1",3
"TGCCGAAAGCGTATTC-1",1
"TGCCGGATGTACGAGC-1",5
"TGCCGTGGATCGTCCT-1",5
"TGCCGTGGGACCCAAT-1",4
"TGCCTAATTGAAGATT-1",3
"TGCCTGACATCGGTCA-1",2
"TGCCTGATCAAACGAT-1",2
"TGCCTTGGCCAGGCAA-1",5
"TGCGAATATGGGATTT-1",3
"TGCGACACCCTAGTGC-1",5
"TGCGACGGCCGAACGT-1",5
"TGCGAGAATATTACCC-1",5
"TGCGAGATGGCGGCCA-1",1
"TGCGAGCCCTTCCGCG-1",1
"TGCGATGCTAATGGCT-1",2
"TGCGCAAAGCATTTGG-1",2
"TGCGCCGTTAATAACG-1",1
"TGCGCGATTAACGGAG-1",2
"TGCGGACTTGACTCCG-1",4
"TGCGGAGTAAAGGTGC-1",2
"TGCGGCATAGTTCAAC-1",2
"TGCGGTGAAATTTCAT-1",2
"TGCGTAAGAACCTGAT-1",3
"TGCGTACGGCTAATTG-1",5
"TGCGTCATGACTGAGC-1",5
"TGCGTGATTGGGTGTC-1",2
"TGCGTTTGTTGACACT-1",3
"TGCTAAGTGTCTATTT-1",3
"TGCTATGGCAAAGGGA-1",5
"TGCTCACACAACAACC-1",5
"TGCTCCACAGTTCTTA-1",3
"TGCTCGGCGAAACCCA-1",5
"TGCTCGGTGGGTCACC-1",4
"TGCTCTGCCGGTTCAC-1",1
"TGCTCTTGAGAGTTTG-1",4
"TGCTGCGTCAGAGTTA-1",1
"TGCTGGTTGGACAATT-1",2
"TGCTGTTGAAGAACTC-1",3
"TGCTTAGAGAGAATGC-1",5
"TGCTTCCCAAGCAGTA-1",4
"TGGAACCACTGACACA-1",1
"TGGAAGAAGGGAACGT-1",3
"TGGAAGACGAACACCA-1",2
"TGGAAGGATAAAGATG-1",2
"TGGAATATCCTTGACC-1",1
"TGGAATTAGACGCTTT-1",2
"TGGACCAATCTAAGAT-1",5
"TGGACGCAATCCAGCC-1",5
"TGGACTGTTCGCTCAA-1",2
"TGGAGAATAATCGTCC-1",4
"TGGAGCTAAAGTTCCC-1",2
"TGGAGGGAAACACCTC-1",1
"TGGAGTGATGCGATGA-1",3
"TGGCAAACTAAATTAC-1",5
"TGGCAACTCGCGCGCC-1",2
"TGGCAAGCACAAGTCG-1",4
"TGGCAATGGGACGGCG-1",3
"TGGCACGAGCTCGAGT-1",1
"TGGCAGATTACGATCA-1",3
"TGGCAGCAGTAATAGT-1",3
"TGGCATGAAGTTTGGG-1",3
"TGGCCAAACTGAAGTA-1",2
"TGGCCAATTTGGTACT-1",3
"TGGCCGTATATTGACC-1",3
"TGGCGACTGCTCCAAA-1",5
"TGGCGATCAAGTTATG-1",5
"TGGCTACACTCTACCT-1",5
"TGGCTATGTGACATAC-1",5
"TGGCTCTTGTCGCGTA-1",3
"TGGCTTGTACAAGCTT-1",1
"TGGCTTTGGGTAGACA-1",2
"TGGGAAATGCCTTTCC-1",2
"TGGGATGCACTCATTC-1",1
"TGGGCAATAGTTGGGT-1",2
"TGGGCACAAACAGAAC-1",2
"TGGGCACGTTCTATGG-1",2
"TGGGCAGGCCACCGCA-1",3
"TGGGCCACAAGAGCGC-1",2
"TGGGCCCATACTAATT-1",3
"TGGGCGATACAATAAG-1",4
"TGGGTAAGGTTCCCGC-1",2
"TGGGTGCACAAGCCAT-1",4
"TGGGTGGGATGTCATT-1",1
"TGGGTGTAATAGATTT-1",5
"TGGGTGTTAAGTAGAA-1",4
"TGGGTTTCGGGCGTAC-1",5
"TGGTAAGCAGGATTGA-1",3
"TGGTAGAATATATGGG-1",3
"TGGTATCGCATCCCAA-1",2
"TGGTATCGGTCTGTAT-1",2
"TGGTCCCACGCTACGG-1",5
"TGGTCGATATACCTCT-1",4
"TGGTCGGGTACAGGGC-1",5
"TGGTCGTGCAAGGCAA-1",2
"TGGTCGTTTGATAGAT-1",5
"TGGTCTGTTGGGCGTA-1",3
"TGGTGATCGTATTTGT-1",2
"TGGTGCCCTGCCTTAC-1",4
"TGGTTAACTTACATTT-1",3
"TGGTTAAGGGCGCTGG-1",1
"TGGTTATGCTTGCGGT-1",1
"TGGTTCAACGGGTAAT-1",5
"TGGTTCGTAGCAAAGG-1",2
"TGGTTGGAGGATCCTG-1",2
"TGGTTTAAACGTGGGT-1",1
"TGTAATGACCACAATA-1",3
"TGTAATGCCTTCGGAC-1",5
"TGTACCTACACGAGGG-1",5
"TGTACGAACAAATCCG-1",3
"TGTACTACTCTCACGG-1",1
"TGTACTTCCGGGCATG-1",5
"TGTAGCCAATTCCGTT-1",4
"TGTAGCCATCCCATTC-1",5
"TGTAGGAGAAATTTCC-1",2
"TGTAGTGATCTATAAT-1",3
"TGTATAACAGATCCTG-1",2
"TGTATACGGATGATGA-1",1
"TGTATCAGACTGAAGC-1",1
"TGTATCCTTATTCCAT-1",2
"TGTATGGCGCAGACAG-1",2
"TGTATTTACCTAATGC-1",1
"TGTCATTTGTTGGGAA-1",1
"TGTCCACGGCTCAACT-1",5
"TGTCCCGACATAGCAC-1",2
"TGTCCGCAAACAATTC-1",4
"TGTCCGTGGCGCCTTT-1",2
"TGTCCTAAGTCACCGC-1",3
"TGTCGGCATGGTGGAA-1",2
"TGTCGTTATCACATAT-1",5
"TGTCTACAGTTTCTGT-1",2
"TGTGACTACGCCAGTC-1",2
"TGTGACTAGAGTTTGC-1",5
"TGTGAGACTAGCCCAA-1",5
"TGTGCCGGTGCCGGAA-1",3
"TGTGCTTTACGTAAGA-1",3
"TGTGGCAAAGCGTATG-1",2
"TGTGGCGGGCTTCTGG-1",4
"TGTGGCTCCCACCAAC-1",2
"TGTGGTAGGGTGCCTT-1",3
"TGTGGTTGCTAAAGCT-1",4
"TGTGTAGTAGCACGTG-1",3
"TGTGTCGCGAGTTGCA-1",2
"TGTGTTCGTATCCAAG-1",2
"TGTTATTGTATGTGGC-1",3
"TGTTCATAAATGTGCT-1",2
"TGTTCCGCTTCCATGA-1",3
"TGTTCCGGCCTGAGCT-1",4
"TGTTCGTATTGCGGTG-1",5
"TGTTCTCTACTCCCTA-1",1
"TGTTCTTCCATTGACT-1",3
"TGTTGCCGTCGTCCCA-1",2
"TGTTGTCAAGAAGTCT-1",2
"TGTTTAATACTTCATC-1",2
"TGTTTCGGTACTTCTC-1",2
"TGTTTCTGAAGCGTGC-1",3
"TGTTTGAGATCGTCAG-1",2
"TTAAACAGAGTCCCGC-1",2
"TTAAACCGGTAGCGAC-1",2
"TTAAACCTGGTTCCTT-1",2
"TTAAACTCGAATTCAT-1",2
"TTAAAGGCGATGCTCG-1",4
"TTAAAGTAAGTCGCCA-1",5
"TTAACACCTCGAACAT-1",2
"TTAACCAACCCTCCCT-1",2
"TTAACGAACAAGCAGT-1",1
"TTAACGTCGCAAGACC-1",2
"TTAACGTTAAAGCCTG-1",1
"TTAACTCACGCGTGGA-1",2
"TTAACTTCAGGTAGGA-1",3
"TTAAGACGAACGAACC-1",1
"TTAAGATACCCAGAGA-1",5
"TTAAGATAGGATTGAC-1",2
"TTAAGCCGACAACTTC-1",2
"TTAAGCGCCTGACCCA-1",3
"TTAAGGCCCGTACTTT-1",5
"TTAAGTATTGTTATCC-1",5
"TTAATCAGTACGTCAG-1",2
"TTAATGTAGACCAGGT-1",2
"TTAATTGCTTTGGGTG-1",5
"TTAATTTCAGACGCGG-1",2
"TTACAACTACGCATCC-1",2
"TTACACGATCTGCGAC-1",5
"TTACAGACCTAAATGA-1",1
"TTACATCGTGGCCTGG-1",2
"TTACATGCCACAACTA-1",2
"TTACCATTGATTACCC-1",3
"TTACCCATTGCCGGGT-1",2
"TTACCCTAACAGTCCT-1",2
"TTACCCTAGGGATTGG-1",5
"TTACCGCCTTAGGGAA-1",1
"TTACGGATGGTTCGAG-1",2
"TTACGTATCTATGACA-1",5
"TTACTAAAGGACTTTA-1",3
"TTACTATCGGCTTCTC-1",3
"TTACTCCGGCCGGGAA-1",2
"TTACTCTGGTACGTAC-1",3
"TTACTGGGATATTTCA-1",3
"TTACTGTCTAGAGCTC-1",1
"TTAGAAGAACATGACT-1",5
"TTAGAATAAGGGTCGG-1",4
"TTAGACACGATCGTTG-1",2
"TTAGACGAGTCACCTC-1",3
"TTAGAGTATTGTCGAG-1",1
"TTAGAGTTTAGAAGGA-1",3
"TTAGATAGGTCGATAC-1",1
"TTAGCAACATGGATGT-1",2
"TTAGCTAATACGATCT-1",2
"TTAGCTCTGTAATCCG-1",2
"TTAGCTGATTTGCCGT-1",2
"TTAGGTCATAACCGAC-1",5
"TTAGTAAACCTGCTCT-1",5
"TTAGTAGGGCGGCGGG-1",3
"TTAGTTATTCGTGGCA-1",3
"TTAGTTCAAGTGTTCG-1",1
"TTATAGGTAATTGTCT-1",5
"TTATAGTCCAAGGTGC-1",1
"TTATATACGCTGTCAC-1",2
"TTATATTTGGCAATCC-1",2
"TTATCCAATCGAACTC-1",2
"TTATCCGGGATCTATA-1",3
"TTATCCTCAAGGAATA-1",3
"TTATCGCCTGCGAAGC-1",2
"TTATCTGACATTAGGA-1",3
"TTATCTGTATCATAAC-1",2
"TTATGAATGAAAGGGA-1",3
"TTATGACAAACTGGAT-1",3
"TTATGATCTTAACGAA-1",2
"TTATGCGTCCCGGTCC-1",2
"TTATGTTTGCGATAGA-1",2
"TTATTAGAGCGTGTTC-1",3
"TTATTAGGGAAGCATC-1",2
"TTATTATCTGGAAGGC-1",3
"TTCAAAGTCTCTAGCC-1",2
"TTCAACGACCCGACCG-1",2
"TTCAAGCCGAGCTGAG-1",2
"TTCAATACTCTGAATC-1",2
"TTCAATTAGCCATAAT-1",1
"TTCACGAAAGGATCAC-1",3
"TTCACGGTCGTCACGT-1",5
"TTCACTCGAGCACCTA-1",5
"TTCACTTCCTAGAACG-1",4
"TTCAGCCCTGGTCCAC-1",3
"TTCAGCTGGCGTGCCC-1",3
"TTCAGGCGTCAAAGCC-1",3
"TTCAGTTCAAGAGGAG-1",4
"TTCAGTTTGTGGCAGC-1",2
"TTCATGGCGCAACAGG-1",2
"TTCCAATCAGAGCTAG-1",2
"TTCCAATCTGGCTATC-1",5
"TTCCACACAGATTTGA-1",5
"TTCCAGACGAGATTTA-1",1
"TTCCAGTGGGTTTCGT-1",4
"TTCCATCATGCGGTGA-1",1
"TTCCATCGACAGCGTG-1",5
"TTCCCGGCGCCAATAG-1",3
"TTCCGCAGAGAAATAT-1",1
"TTCCGCGTGAGGCGAT-1",3
"TTCCGGCCTTGAGGCT-1",5
"TTCCGGCTCGACTTCT-1",1
"TTCCGGTATCTGTGTC-1",2
"TTCCGGTTACCCACTT-1",3
"TTCCTCGAGGGTGTCT-1",2
"TTCCTCGGACTAACCA-1",3
"TTCCTCTGCCCGAATA-1",3
"TTCCTTTCTGTGTTGC-1",2
"TTCGAACGAAACATGC-1",4
"TTCGACAGAGCCCGTG-1",5
"TTCGACGGGAAGGGCG-1",2
"TTCGAGCCGGCGCTAC-1",1
"TTCGCACTCGCGTGCT-1",2
"TTCGCACTGTACGACA-1",5
"TTCGCATCCGGAAGCA-1",1
"TTCGCCGCTCGCGCTA-1",3
"TTCGCGCGCCATACGA-1",5
"TTCGCTAGGAAGTTGT-1",2
"TTCGCTATCTGACGTG-1",1
"TTCGGACTGATGCCTT-1",1
"TTCGGCAACCCGCTGA-1",2
"TTCGGCTAGAGATGGT-1",2
"TTCGGGACTAATCGCG-1",2
"TTCGGGCGCTAGTCTT-1",5
"TTCGGGTTGCCACGGG-1",3
"TTCGGTACTGTAGAGG-1",4
"TTCGGTGGAGACGCCC-1",2
"TTCGTAATCCCAGCGG-1",2
"TTCGTACTCCAGAACG-1",3
"TTCGTGGGCTGGAAGC-1",1
"TTCGTTCAACGAAGTT-1",1
"TTCTAACCGAAGCTTA-1",2
"TTCTACCTCAATCGGT-1",5
"TTCTACCTTTATGTTG-1",1
"TTCTACTTGCGAGGGC-1",2
"TTCTAGAAAGTCTTAT-1",5
"TTCTAGGCCAATTGTG-1",2
"TTCTATGCCTTTCGCA-1",1
"TTCTATTAAACGCAGC-1",4
"TTCTCAATTGCTACAA-1",5
"TTCTCTTACAGGTGAT-1",3
"TTCTGACCGGGCTCAA-1",5
"TTCTGCCGCGCCTAGA-1",5
"TTCTGCGAGCGCCCTT-1",3
"TTCTGCGGGTTAGCGG-1",2
"TTCTGCTAGACTCCAA-1",1
"TTCTTAGTGAACGGTG-1",2
"TTCTTAGTGGCTCAGA-1",2
"TTCTTATCCGCTGGGT-1",3
"TTCTTGAGCCGCGCTA-1",5
"TTCTTGCTAGCATCTC-1",1
"TTCTTGGACGATCTGC-1",5
"TTCTTGGAGTAATGAG-1",2
"TTCTTGTAACCTAATG-1",2
"TTCTTGTGTCCATCAG-1",2
"TTCTTTGGTCGCGACG-1",1
"TTGAAACCCTCATTCC-1",3
"TTGAAAGGTGTAAAGG-1",1
"TTGAACGAATCCTTTG-1",2
"TTGAACGACGTGCTGA-1",5
"TTGAAGAATTCCCAGG-1",3
"TTGAAGGATGGGCGCC-1",5
"TTGAATATGGACTTTC-1",2
"TTGAATCGTTGTATAA-1",3
"TTGAATTCACGTGAGG-1",2
"TTGACAGGAGCTCCCG-1",3
"TTGACATGAACGTGGA-1",3
"TTGACCAGGAACAACT-1",5
"TTGACCATGTTCTCCG-1",2
"TTGACCGTGTTAATGA-1",5
"TTGACGATTCAGCACG-1",2
"TTGACGCTCCATGAGC-1",2
"TTGACTACCATATGGT-1",3
"TTGACTATTGTCCGGC-1",2
"TTGAGAAGTTTAGCAT-1",5
"TTGAGAGTACTGCTAA-1",3
"TTGAGCAGCCCACGGT-1",2
"TTGAGCGCCACGTGAT-1",1
"TTGAGGCATTTAACTC-1",1
"TTGAGTCCCGCTGCTG-1",1
"TTGATAGTCAATACAT-1",1
"TTGATCTAACTTTGTC-1",3
"TTGATGCCGCTCGTCG-1",4
"TTGATGTGTAGTCCCG-1",2
"TTGATTAGCTGTTTCT-1",5
"TTGATTATGCAGATGA-1",3
"TTGCAAGAAGACTCCT-1",4
"TTGCACAATTCAGAAA-1",3
"TTGCACGGAGCAGCAC-1",2
"TTGCATGCTGATCACG-1",3
"TTGCCAAGCAGAACCC-1",2
"TTGCCATAGCCCGCTC-1",5
"TTGCCCTGATCACGGG-1",3
"TTGCCGCAGACCTACA-1",5
"TTGCCGCTTTCTAGTA-1",5
"TTGCCGGTGATCCCTC-1",1
"TTGCCTAATCCAAAGT-1",5
"TTGCCTTCTCGCCGGG-1",5
"TTGCGCTTGATCAATA-1",5
"TTGCGGAAAGCTGCCC-1",4
"TTGCGGCATCAGAAAG-1",5
"TTGCGTAGTTTGAGGA-1",2
"TTGCGTCGGCCAACCG-1",5
"TTGCGTGAACGCTTAG-1",2
"TTGCGTGTGTAGGCAT-1",4
"TTGCTCATAGTACGTG-1",5
"TTGCTCCCATACCGGA-1",2
"TTGCTGAAGGAACCAC-1",2
"TTGCTGATCATGTTCG-1",3
"TTGCTGCACCTATCCA-1",2
"TTGCTGGCCGGGCTTC-1",1
"TTGGAAGAATACAGTC-1",3
"TTGGACATGTGGCTTA-1",3
"TTGGACCATCTGGCAA-1",3
"TTGGACCTATAACAGT-1",5
"TTGGAGTCTCCCTTCT-1",2
"TTGGATATCGTCTACG-1",5
"TTGGATCGACTTCTGG-1",2
"TTGGATTGGGTACCAC-1",2
"TTGGCCAAATTGTATC-1",4
"TTGGCCATCTTGCGCT-1",2
"TTGGCCTAGAATTTCG-1",2
"TTGGCGATCCGAATAT-1",1
"TTGGCTCAATATGTGT-1",5
"TTGGCTCGCATGAGAC-1",2
"TTGGGAAGACGAGCCG-1",4
"TTGGGACACTGCCCGC-1",2
"TTGGGACGTAAGAGTT-1",3
"TTGGGCGGCGGTTGCC-1",2
"TTGGGTTTATTCAGCG-1",1
"TTGGTATGGCTTGTGT-1",1
"TTGGTCACACTCGTAA-1",5
"TTGGTGCGGTGTTGAA-1",1
"TTGGTTGCGGTGCGCG-1",5
"TTGTAAGGACCTAAGT-1",3
"TTGTAAGGCCAGTTGG-1",2
"TTGTAATCCGTACTCG-1",3
"TTGTATCACACAGAAT-1",2
"TTGTCGTTCAGTTACC-1",2
"TTGTCTCGGCAAGATG-1",4
"TTGTGAACCTAATCCG-1",5
"TTGTGAGGCATGACGC-1",3
"TTGTGATCTGTTCAGT-1",5
"TTGTGCAGCCACGTCA-1",5
"TTGTGGCCCTGACAGT-1",2
"TTGTGGTAGGAGGGAT-1",5
"TTGTGGTATAGGTATG-1",1
"TTGTGGTGGTACTAAG-1",5
"TTGTGTATGCCACCAA-1",5
"TTGTGTTTCCCGAAAG-1",5
"TTGTTAGCAAATTCGA-1",2
"TTGTTCAGTGTGCTAC-1",2
"TTGTTGTGTGTCAAGA-1",2
"TTGTTTCACATCCAGG-1",5
"TTGTTTCATTAGTCTA-1",5
"TTGTTTCCATACAACT-1",3
"TTGTTTGTATTACACG-1",4
"TTGTTTGTGTAAATTC-1",2
